,TITLE,DESCRIPTION,TRAVELER_ID
0,동부 우도·성산 중심 3일,공항 인근 맛집과 함덕·우도·성산 식도락 여행,h000001
1,제주시 애월·이호 맛집투어 2일,"애월·이호 카페와 식당, 해변 중심 미식 여행",h000008
2,제주시 중심 식도락 루트 4일,제주시·서귀포 맛집과 카페·박물관 위주 여행,h000009
3,제주 동서부 맛집·카페 루트 3일,"흑돼지·해산물 맛집과 애월 카페, 게스트하우스 숙박 중심 여행",h000010
4,제주 신화월드 중심 먹거리·테마 4일,신화월드 테마파크·워터파크와 맛집 위주의 일정,h000013
5,제주시 맛집·카페 중심 4일,제주시 내 식당·카페·바·해변 고루 즐기는 루트,h000014
6,제주시·서귀포 동서횡단 미식 3일,"제주시 연동·구좌, 협재·중문·표선 맛집 중심 여행",h000017
7,서부·애월 맛집 중심 4일,서귀포·애월 카페·식당과 해변 풍경 위주 일정,h000019
8,서부 서귀포·협재 중심 5일,신화월드·동물원·박물관과 서부 맛집·카페 위주 일정,h000020
9,제주 서귀포 맛집 중심 1일,서귀포 중심 카페·흑돼지 맛집 위주 코스,h000021
10,제주시 애월·한림 카페맛집 3일,애월·한림 카페와 식당 중심 힐링 여행,h000025
11,동부 우도·성산 위주 3일,우도 카페·해변과 성산 맛집 중심 동부 여행,h000028
12,제주시 도심·서부 맛집 루트 3일,"제주시 중심 맛집과 애월 카페·캠핑, 동부 식당 위주 여행",h000030
13,제주시 도심 먹거리 위주 2일,제주시내 공원·치킨·쌀국수·국수 맛집 루트,h000031
14,제주 동·서부 맛집 중심 4일,김녕·종달리·서귀포 맛집과 자연휴양림 코스,h000032
15,동부·남부 먹방 3일 루트,성산·남원·안덕 식당·카페·펜션 중심 여행,h000034
16,동부·애월·서귀포 맛집 투어 4일,함덕·성산·우도·애월·서귀포 중심 식도락 여행,h000037
17,동부 우도·성산·구좌 3일,우도·성산 맛집과 동부 카페·빵집 위주 루트,h000038
18,동부 맛집·카페 루트 3일,"구좌·성산 위주 맛집과 카페, 산책 여행",h000039
19,제주시·서귀포 맛집 중심 3일,버거·치킨·물회·갈비와 펜션 위주 식도락 여행,h000042
20,동부·중문 위주 5일 가족 여행,테마파크·호텔식·카페와 성산 해양 체험 중심,h000043
21,제주시·서귀포 맛집투어 4일,선상바베큐·분식·국수 등 현지 맛집 위주 여행,h000047
22,서귀포시 맛집·카페 루트 1일,서귀포시 식당·카페 중심의 미식 여행,h000049
23,동부 맛집·카페 3일 루트,제주시-성산-구좌 중심 맛집·빵집 위주의 소소한 미식 여행,h000051
24,동부·중문 위주 맛집투어 4일,"제주시 노형·우도, 서귀포 남원·표선·중문 맛집 중심 여행",h000052
25,동부 맛집·자연 위주 6일,함덕·세화·성산·우도 해변과 맛집 중심 동부 여행,h000053
26,동부·한라산 중심 3일,"구좌·조천 카페와 맛집, 한라산 동능 트레킹 루트",h000055
27,서귀포·제주 동선 맛집·전시 2일,"서귀포 맛집·카페와 전시, 제주시 카페 즐기기",h000057
28,동부·신화월드 중심 4일,우도·성산 맛집과 신화월드 숙박·식도락 여행,h000058
29,서귀포·애월 맛집 탐방 1일,서귀포 해산물·흑돼지와 애월 카페 위주의 먹거리 여행,h000059
30,동부·서귀포 맛집 위주 3일,서귀포·성산·함덕 중심 식당·카페 미식 여행,h000060
31,서귀포 서남부 맛집투어 2일,화순·모슬포 일대 한식 위주 식도락 여행,h000062
32,동부 맛집투어 루트 2일,남원·성산 해변과 흑돼지·해산물 맛집 중심,h000063
33,제주시·서귀포 미식투어 3일,제주시·안덕 일대 식당·시장 중심 먹방 여행,h000065
34,제주시·서귀포 2일 맛집·관광 루트,흑돼지·한상차림과 영화·민속촌·목장카페 코스,h000068
35,동·서귀포 맛집 중심 3일,"제주시-서귀포 식당·카페, 체험명소 골고루 방문",h000069
36,서귀포 남원·애월·용담 3일 루트,휴애리 자연공원과 맛집·카페 위주 일정,h000070
37,서귀포·제주시 맛집·바다뷰 2일,해장국·칼국수·고기·회와 해안도로·오름 코스,h000072
38,제주 시내·중문 미식 위주 4일,"제주시·서귀포 맛집과 카페, 오설록·휴애리 등 관광 동선",h000073
39,제주시·서귀포 맛집·전시 4일,카페·식당 중심에 전시·박물관·자연 숲 관람 포함한 루트,h000074
40,제주 서귀포·애월 미식투어 2일,호텔 뷔페·맛집·포차 위주의 미식 중심 여행,h000076
41,동부 맛집 탐방 루트 1일,조천·삼양 일대 한식·일식 위주의 식도락,h000078
42,서귀포·제주시 미식 중심 4일,"서귀포 맛집·호텔과 제주시 맛집, 산책 루트 위주",h000079
43,동·서부 맛집 중심 3일,신라호텔·우도·구좌 해변과 식도락 여행,h000080
44,제주 중문·서귀포 맛집투어 3일,카페·빵집과 한식·흑돼지 위주의 미식 여행,h000085
45,제주시 동·서부 맛집투어 7일,함덕·협재 해변 중심 식당·카페·빵집 위주 미식 여행,h000086
46,제주시 서부 맛집 중심 3일,협재·한림·함덕 위주의 식당·숙소 여행,h000087
47,제주시·서귀포 맛집·액티비티 3일,"테마파크, 수제떡, 제주맛집과 카페 위주 일정",h000091
48,동부·우도 위주 맛집투어 4일,"조천·구좌 맛집과 카페, 우도·성산 해안 동선",h000092
49,동부·서귀포 위주 3일,"동부 자연·맛집과 서귀포 카페, 야식 투어",h000093
50,제주시 애월 중심 2일 맛집·전시 루트,"제주시 분식·말고기·라면, 애월 식당·호텔과 아르떼뮤지엄, 안덕 혼술바 여행",h000094
51,동부 함덕·세화·성산·월정 3일,동문·동부 해변 따라 카페·맛집·민박 여행,h000095
52,제주시·서귀포 맛집 루트 1일,함덕·이도 분식·해장국·해산물 맛집 중심,h000097
53,제주 서부·동부 맛집·카페 4일,제주시·서귀포 시내와 애월·협재·위미 중심 먹거리·카페 위주 여행,h000098
54,제주시 원도심 맛집투어 3일,일도동·이도동 중심의 떡·국수·해물·베이커리 맛집 탐방,h000100
55,서부 애월·중문 미식 5일,카페·흑돼지·한식 위주의 서부 맛집 여행,h000103
56,동부 위주 맛집·체험 루트 3일,표선·성산·구좌 맛집과 해양·미로 체험 중심 여행,h000104
57,동부 맛집·카페 루트 3일,함덕·구좌·성산 위주 맛집·카페 중심 여행,h000105
58,제주 동서부 맛집투어 3일,애월·한림·성산·구좌·연동 위주 맛집 여행,h000106
59,제주시·동부 맛집 위주 3일,용두암·애월·성산·에코랜드 중심 식도락 여행,h000107
60,동부 위주 5일 먹거리·자연 여행,"구좌·성산 카페와 맛집, 해변·숲 휴양 중심 일정",h000108
61,동부 맛집·카페 위주 4일,"성산·구좌 식당과 카페, 관광지 여유로운 일정",h000111
62,제주시 동북부 맛집 중심 3일,제주시 동북부 한식·카페·숙소 위주 미식 여행,h000113
63,4일 제주 서부·동부 시내 루트,"애월 카페·맛집, 서귀포 시내·성산, 공항 인근 드라이브 중심",h000117
64,제주시 동부 맛집 중심 4일,세화·월정·조천 일대 식도락 위주의 여유 여행,h000120
65,서귀포 안덕·중문 3일 먹거리·카페투어,안덕·중문 숙소 중심의 음식점·카페 위주 일정,h000121
66,제주시·서귀포 맛집투어 3일,제주시·서귀포 한림·서귀동 위주 식도락 여행,h000123
67,서부·서귀포 맛집·카페 3일,서부·서귀포 식당·카페 위주의 미식 여행,h000124
68,동·서부 먹거리+관광 루트 3일,맛집 위주에 우주박물관·수족관·유배길 관광 포함 여행,h000125
69,중문·한림·조천 맛집투어 4일,중문·서귀포·제주시 전역 맛집 위주의 식도락 여행,h000126
70,제주 미식투어 5일,제주시·서귀포 현지맛집 위주의 식도락 여행,h000130
71,서귀포·우도 맛집 중심 2일,서귀포 숙소·술집·식당과 우도 카페 방문 루트,h000137
72,동부·서귀포·한림 맛집 중심 3일,함덕·성산·중문·한림 일대 맛집·카페 위주,h000138
73,서귀포 표선 1일 리조트 휴식,표선 소노캄제주 연회장 중심의 리조트 여행,h000141
74,동부·서귀포·서부 혼합 3일,"용암길·오름 트레킹과 호텔 식사, 서귀포 맛집 위주",h000143
75,서귀포·애월 맛집 위주 3일,중문·서귀포 식당·카페 중심 미식 여행,h000147
76,제주시 맛집 중심 2일,애월·용담 한식·패스트푸드 위주의 식도락,h000150
77,제주 동·서부 맛집 탐방 3일,제주시·서귀포 한식·흑돼지·회 중심 식도락,h000153
78,제주시 애월 맛집·카페 1일,제주시~애월 국수·돼지고기·도넛·온천 맛투어,h000154
79,제주시·표선 맛집 위주 3일,"제주시·표선 한식, 횟집, 카페 중심 미식 여행",h000155
80,서귀포·제주시 남서부 3일,카페·전시·중문 호텔과 흑돼지 맛집 중심 코스,h000156
81,제주시·서귀포 맛집+온천 3일,짬뽕·라면·고기·한식과 스파 위주 일정,h000158
82,동부 구좌·성산 위주 6일 루트,구좌 맛집·식당 중심의 동부 장기 여행,h000163
83,서·동부 맛집·카페 투어 3일,애월·한림·함덕 일대 맛집과 카페 중심 여행,h000168
84,제주시 맛집·동네산책 루트 3일,제주시 식당·카페 중심의 소도시 근교 탐방,h000170
85,제주시 서부 감성투어 3일,카페·맛집과 곽지·신창 해변 드라이브,h000171
86,서부·애월 맛집 위주 5일,대정·한경·한림·애월·용담 식당·펍 집중 미식 루트,h000172
87,제주시·서귀포 2일 도시·자연 루트,"빵집·맛집과 노형 상권, 해안도로·한라산 트레킹",h000173
88,제주 5일 서부 맛집·카페 중심 루트,"협재·한림 식도락과 우도, 서귀포 자연 감성 여행",h000176
89,서귀포 호캉스·맛집투어 3일,JW메리어트 중심 호텔 휴식과 서귀포 식당·카페 위주 여행,h000177
90,제주시 맛집·숙소·테마파크 3일,제주시 중심 식당·민박·테마파크·어촌식당 여행,h000179
91,제주도 기본 루트 0일,위치 정보 없어 전체 포괄 기본 일정,h000181
92,제주시·서귀포 카페 맛집 3일,"카페·맛집과 해안드라이브, 돌문화공원 관람",h000184
93,제주시 서부 맛집·카페 2일,협재·함덕 해변과 맛집 중심의 서부 드라이브,h000185
94,제주시·서귀포 맛집 중심 5일,제주시 위주 식당·카페와 서귀포 리조트 휴식 여행,h000186
95,제주 동서 맛집 중심 3일,제주시·서귀포시 한식·흑돼지·횟집 맛투어,h000188
96,동부·서부 맛집·자연 루트 5일,"함덕·구좌 카페와 맛집, 미로공원·스누피가든 등 동부 위주 힐링 여행",h000192
97,제주시·서귀포 시내 맛집투어 4일,"현지 식당·횟집과 카페, 펍 위주의 시내 미식 여행",h000194
98,제주시·서귀포 맛집 루트 1일,서귀포·제주시 한식·중식 중심 식도락 여행,h000198
99,동부·서귀포 위주 미식 3일,제주시 먹거리와 성산·표선 카페·맛집 중심,h000200
100,서귀포·동부 위주 맛집여행 3일,흑돼지·갈치·횟집 등 서귀포 맛집과 성산·세화 숙소·카페 중심,h000202
101,제주시·서귀포 맛집투어 4일,제주시 중심 식당·카페와 서귀포 해산물 맛집 위주 일정,h000203
102,제주시·서귀포 맛집·전시 3일,"제주시 중심 식도락과 카페, 서귀포 전시·해안 감성 코스",h000204
103,중문·신화월드 중심 미식 5일,"제주 서부·중문, 신제주 맛집·테마파크 위주",h000208
104,제주시 맛집투어 6일,제주시 중심 식당·카페 위주의 미식 여행,h000209
105,제주 북부·우도·서부 7일,동부 바다·우도 섬투어와 서부 카페·미술관·맛집 중심 여행,h000212
106,서귀포 시내 맛집·관광 1일,천지연유원지·이중섭거리 중심 서귀포 시내 맛집 탐방,h000215
107,서귀포 카페·식당 위주 1일,카멜리아힐 등 서귀포 카페·식당 중심,h000217
108,1일차 서귀포·제주시 맛집·카페 루트,"서귀포 식당 중심, 신화테마파크와 카페 포함",h000218
109,제주시·서귀포 맛집 중심 6일,"고기·해산물·분식과 카페, 빵집·시장 골고루 즐기는 미식 루트",h000221
110,제주 동·서·서귀포 맛집투어 4일,제주시·서귀포 골고루 도는 식도락 중심 여행,h000222
111,동부·제주시 맛집 카페 루트 1일,"남원·위미 맛집과 카페, 제주시 요거트·밥집 방문",h000224
112,제주 동부·중문·애월 루트 3일,"우도·해변·전망 명소와 중문 힐링, 맛집 중심 여행",h000225
113,동·남부 맛집 중심 4일,성산·서귀포 해산물·흑돼지 맛집과 카페 위주,h000228
114,제주 동·서 식도락 3일 루트,"제주시·서귀포 맛집과 시장, 애월해안 드라이브 중심",h000230
115,서귀포 서남부 관광·맛집 2일,애월~안덕~대정 중심 관광지·해산물·중식 맛집 코스,h000231
116,동부·제주시 먹거리 중심 3일,성산·세화 위주 식당과 제주시 베이커리·국수거리,h000232
117,제주 동·서·서귀포 감성 루트 3일,"국수·우동 맛집과 카페, 미술관·갤러리 즐기는 코스",h000233
118,1일차 서부-남부 맛집·숙소 루트,금악 식당 방문 후 위미 숙소에서 휴식 여행,h000234
119,제주시·서귀포 맛집 중심 2일,로컬 식당·분식·떡집·갤러리 즐기는 미식 여행,h000235
120,제주시 애월 카페·맛집 루트 3일,"애월 유적지와 해변, 카페·일식 맛집 중심 여행",h000237
121,제주 중문·노형·협재 맛집 루트 2일,중문·노형 중심의 칼국수·갈비·조림 등 맛집 위주 여행,h000238
122,동서부 맛집·관광 4일 루트,성산·중문 맛집과 아쿠아플라넷 포함 가족 여행,h000240
123,서귀포·제주시 맛집 중심 2일,한식·고기·탕·피자·빵 위주의 식도락 여행,h000245
124,동부·우도·제주시 먹킷리스트 4일,월정·우도·성산·제주시 맛집·카페 위주 일정,h000246
125,제주 동서일주 미식 루트 6일,현지 맛집·카페 중심 동서 해안 일주 여행,h000247
126,제주시 맛집투어 3일,해장국·갈비·흑돼지 위주 제주시 맛집여행,h000248
127,제주시 먹거리·산행 3일 루트,"제주시 맛집 중심, 한라산 산행과 함덕해수욕장 포함 코스",h000249
128,동서부 맛집·해변 루트 2일,카페·맛집과 함덕해수욕장 중심 여유 여행,h000250
129,서귀포·제주시 맛집 위주 5일,"김밥·국수·분식과 해산물, 국밥 등 식도락 중심",h000256
130,동부·서귀포 맛집·카페 2일,"서귀포 카페·식당 중심, 동부 오름·식당 방문 루트",h000257
131,제주시 서부 카페·맛집 루트 3일,애월·한림 카페와 고기·해산물 맛집 중심 일정,h000258
132,서귀포·제주시 맛집·카페 2일,서귀포·제주시 위주 빵집과 해물·술집 맛투어,h000259
133,제주시 동부 맛집 중심 3일,노형·함덕·구좌 맛집과 함덕해변 캠핑 여행,h000260
134,제주 동서 맛집투어 3일,제주시·서귀포시 식당·카페 중심 미식 여행,h000261
135,제주 동부·서귀포·애월 4일,해장국·흑돼지 맛집과 해변·실내체험 위주 일정,h000263
136,서부 맛집·카페 4일 루트,"제주시·한림·애월 위주 맛집과 카페, 전망 여행",h000264
137,제주시·성산·애월 중심 4일,맛집·카페와 우도·성산 일출·해변 코스,h000267
138,제주 동서부 맛집·카페 5일,"제주시·서귀포시 맛집 중심, 카페·자연휴양림·해변 포함 여행",h000271
139,제주시 북동부·카페맛집 루트 3일,조천·애월·한림 중심 자연 산책과 맛집 위주 여행,h000275
140,동부·서귀포 맛집투어 4일,성산·서귀동 중심 식당·카페 위주의 미식 여행,h000276
141,제주시·서귀포 맛집 위주 루트 3일,공항 인근·동부·서부 중심의 식당·카페 여행,h000280
142,제주 서부·동부 5일 루트,"애월·협재 카페와 맛집, 동부 자연·전시 위주 여행",h000281
143,동부·서부 맛집·카페 4일,우도·구좌·애월·서귀포 중심 식도락 여행,h000282
144,서귀포 중심 3일 루트,중문·표선·카페·맛집·전시 위주 일정,h000283
145,제주 동·서부 맛집 중심 4일,"제주시 위주 식도락 여행, 성산·서귀포 해산물·바비큐 포함",h000286
146,제주시·서귀포 동부 3일 루트,동부 맛집·카페와 함덕·휴애리 자연 관광 중심 여행,h000291
147,서부 감성 맛집·카페 루트 3일,"제주시·한림·한경·서귀포 맛집과 카페, 숙소 중심 서부 힐링 여행",h000294
148,제주 동서 맛집·카페 2일 루트,해변·카페·식당 위주의 동서 일주 미식여행,h000299
149,동·서귀포 맛집 위주 5일,성읍·성산·함덕·제주시내 식당·카페·전망대·박물관 중심 여행,h000300
150,제주시·서귀포 먹방 위주 3일,제주시 중심 식당·카페 위주의 맛집 탐방 루트,h000301
151,서부·동부 맛집투어 5일,중문·신화월드·함덕·공항 인근 위주의 식당·카페 중심 여행,h000304
152,동·서귀포 맛집·카페 중심 3일,제주시-성산·남원 위주의 빵집·식당·카페 맛투어,h000306
153,동·서귀포 맛집 중심 2일,세화·강정·법환동 위주 치킨·고기·식당 투어,h000307
154,서귀포·제주시 맛집+카페 3일,서귀포 동부 관광과 흑돼지·국수 위주 미식 여행,h000311
155,서귀포·제주시 맛집 중심 3일,중문·색달동 맛집과 공항 인근 식당 위주 여행,h000312
156,서귀포 서남부 온천·맛집 2일,"온천과 해변 산책, 해장국·해산물 맛집 중심",h000313
157,중문·서귀포 1박2일 힐링 루트,"중문·남원 자연공원과 중문 맛집, 제주시 카페·드라이브",h000314
158,서귀포 동네맛집 투어 3일,서귀포 서귀동 식당·음식거리 중심 미식 여행,h000315
159,동부 맛집·표선해변 1일,"제주시 동부 맛집 중심, 표선해변 산책·야영",h000317
160,서귀포·한림 체험·테마파크 3일,"서귀포 카페·맛집과 신화월드, 해수욕장 중심 여행",h000319
161,동부·서귀포 맛집 중심 4일,"함덕·구좌·성산·중문·애월 맛집과 카페, 펜션 위주 일정",h000321
162,제주 6일 맛집·온천·서귀포 위주,"제주시·서귀포 식도락과 카페, 온천·바다 감상 여행",h000322
163,식도락 위주 동서부 맛집 1일,서귀포·제주시 국밥·회·국수·베이글 맛집 투어,h000323
164,제주시 서부 미식·카페투어 3일,"협재·한림 맛집과 카페, 해수욕장 중심 여행",h000324
165,서부·동부 맛집 중심 4일,협재·애월·성산·함덕 식도락 위주 루트,h000328
166,제주시 애월 맛집 중심 3일,제주시·애월 한식 위주 식도락 여행,h000329
167,동부·서남부 맛집 중심 5일,제주시·성산·중문·한림 일대 식당·카페 위주의 미식 여행,h000334
168,제주시·서귀포 4일 맛집 위주 코스,공항·노형·한경·한라산 중심 식당·자연 관광,h000336
169,동부·서귀포 중심 먹거리 4일,"제주시·서귀포 카페·맛집과 박물관, 펜션 휴식 여행",h000337
170,동부 우도·성산 카페맛집 3일,우도·성산·구좌 동부 위주 카페·해산물 맛집,h000339
171,제주 3일 미식·카페·바다 드라이브,식당·카페 중심에 서귀포·협재·애월 해안 드라이브,h000340
172,제주 서귀포·제주시 미식 4일,흑돼지·해장국·횟집 중심의 맛집 여행,h000342
173,동부 성산 맛집 위주 3일,"성산읍 중심 식당·카페와 수산시장, 아쿠아플라넷 방문 루트",h000344
174,서귀·성산 위주 맛집 4일 루트,"서귀포·성산 일대 호텔·온천과 현지 맛집, 카페 여행",h000346
175,서귀포·제주시 맛집투어 2일,서귀포 위주 흑돼지·우동·가정식과 제주시 고기집 중심,h000351
176,제주시 동·서부 맛집 위주 5일,제주시 동·서부 식당·카페 중심 미식 여행,h000353
177,제주 서귀포·애월 맛집·카페 1일,애월 카페와 서귀포 리조트·레스토랑 중심,h000453
178,동부 우도·성산·서귀포 4일,우도·성산 관광과 서귀포 흑돼지·해산물 미식 여행,h000455
179,중문·성산 맛집 중심 3일 루트,"중문·성산 한식 맛집과 해장, 펜션 숙박 여행",h000456
180,서귀포 서남부 맛집투어 3일,서귀포·안덕 위주 맛집·펍 중심 식도락 여행,h000458
181,서부·제주시 먹거리+카페 루트 3일,"협재·애월 맛집과 펍, 카페, 문화공연 코스",h000459
182,제주 동서남 맛집·카페 3일,"서귀포 자연공원과 해산물, 제주시 카페·해장국 중심 루트",h000461
183,제주시·애월·동부 2일 루트,"고기국수·현지식 맛집과 카페, 전시·해안 드라이브 중심 여행",h000464
184,제주시·서귀포 맛집 중심 3일,호텔 조식과 제주시 구제주·카페·맛집 루트,h000468
185,제주 시내·서귀포 맛집 위주 4일,"제주시·서귀포 식당과 카페, 공연·공원 포함한 미식여행",h000473
186,성산 숙소·맛집 루트 2일,성산 숙소와 국수·흑돼지 맛집 위주 일정,h000475
187,제주시 애월 인근 1박2일 맛집·숙소,"애월 숙소와 카페, 해변·맛집 중심의 루트",h000476
188,서귀포 감성 게스트하우스 1일,남원 신례리 게스트하우스 숙박 중심 여행,h000478
189,동부·우도 중심 4일 루트,"서귀포 명소·우도·성산 일출, 해변·흑돼지 맛집 위주",h000480
190,제주시 애월·한림 2일 루트,애월 맛집·카페와 한림공원 중심 여유 일정,h000481
191,제주시·애월 위주 미식여행 4일,"고기·해산물 맛집과 카페, 온천·수족관 코스",h000482
192,서귀포·애월 중심 미식 여행 3일,"서귀포 맛집·카페와 관광 농원, 애월 펜션 휴식 루트",h000484
193,서귀포·제주시 2일 소도시 맛집투어,휴애리·티뮤지엄 방문과 고기·전복·짬뽕 맛집 중심,h000486
194,제주 남부 맛집투어 1일,서귀포·제주시 장어·중식·분식·돈가스 맛집 코스,h000487
195,제주시·서귀포 3일 미식루트,"신제주 식당·술집과 서귀포 공연, 협재 카페 중심 여행",h000488
196,제주시·서귀포 2일 먹거리 위주 여행,패스트푸드·카페 중심의 간단한 식도락 루트,h000489
197,제주시 맛집탐방 루트 2일,연동·오라이동 위주 식당 및 카페 여행,h000490
198,중문·성산 중심 미식+관광 4일,"제주시 식당, 성산·중문 맛집과 카멜리아힐 관광 위주 여행",h000491
199,성산·서귀포 맛집투어 3일,성산읍 위주 현지식당·카페·흑돼지 맛집 중심,h000494
200,서귀포·애월 중심 미식투어 4일,"서귀포 맛집·카페와 박물관, 숙소 위주의 일정",h000495
201,제주 시내·서귀포 맛집투어 7일,제주시·서귀포 식당·카페·바 중심 미식 여행,h000496
202,제주시 맛집·카페투어 2일,스시·고기 식도락과 카페 중심 도심 여행,h000498
203,서부·중문·제주시 3일 루트,"애월·한림 카페와 맛집, 서귀포 산책, 제주시 시장·식당 위주 여행",h000499
204,제주 서부·중문 맛집 위주 2일,애월 해변 산책과 전복·갈치·중문 한식 맛집 중심,h000500
205,제주 4일 서귀포·제주시 균형 여행,카페·맛집과 자연·액티비티가 어우러진 코스,h000512
206,2·3일차 애월·제주시 맛집 위주 4일,"서귀포 맛집과 애월·제주시 식당, 카페 중심 일정",h000514
207,제주 서부·서귀포 식도락 3일,애월·한림·서귀포 맛집 중심 식도락 여행,h000516
208,서부·서귀포 맛집·카페 3일,송악산·용머리·협재 중심의 식도락·카페 여행,h000518
209,제주 동·서부 자연·맛집 루트 2일,올레길·수목원·한라산 트레킹과 현지 맛집 방문,h000520
210,제주시 동부·애월 맛집투어 2일,유배길 산책과 곽지·애월 흑돼지·카페 중심,h000521
211,서귀포·제주시 미식 투어 2일,서귀포 화순·사계와 제주시 연동 중심 식도락 여행,h000522
212,제주 맛집·카페 중심 3일 루트,"제주시·서귀포시 맛집, 카페, 숙소·자연 명소 위주 여행",h000523
213,동부 맛집·우도 코스 4일,"구좌·성산 맛집과 카페, 우도 해변·먹거리 중심 여행",h000527
214,제주 동·서귀포 식당 중심 1일,제주시·서귀포 지역 한식·치킨 식사 코스,h000529
215,1일차 제주 동·남부 맛집투어,제주시 삼양과 서귀포 표선의 식당·카페 중심,h000530
216,제주시 애월·함덕 맛집 3일,"애월·함덕 해산물과 고기, 빵·카페 위주",h000531
217,제주 동서부 맛집·명소 3일,제주시 맛집·전망·카페와 서귀포 정원·국수 중심 코스,h000533
218,제주 동서일주 먹방·카페 7일,"제주시·서귀포시 전역 식당 위주, 카페·관광지 가볍게 들르는 7일 루트",h000534
219,제주시 맛집·카페 중심 4일,"제주시 내 국수·흑돼지·분식과 카페, 해수욕장·미로공원 관광 병행",h000536
220,동부·남부 위주 3일 힐링 루트,카페·펜션·해수욕장·온천·맛집 골고루 즐기는 일정,h000537
221,서귀포 실내·호텔 코스 2일,서귀포 카페·호텔 라운지와 실내 체험 위주,h000544
222,제주 동·서 1일 미식 루트,성산·노형 맛집 방문 중심의 식도락 여행,h000548
223,제주시 동부 구좌·김녕 4일 여행,김녕·월정 해변과 카페‧펜션 위주의 휴식 루트,h000549
224,제주시 한림읍 맛집·카페 4일,한림 협재·금능 중심의 맛집과 카페 위주 일정,h000550
225,제주시 맛집·카페 루트 4일,"제주시 중심 식도락과 카페, 미술관 여행",h000551
226,동부·제주시 식도락 중심 6일,구좌·성산·제주시 동부 맛집과 카페 위주 식도락 여행,h000553
227,제주시 맛집·카페 중심 4일,"제주시 도심 위주 식당·분식·카페, 함덕해변 포함",h000555
228,제주시 함덕 위주 맛집여행 3일,제주시 시내·함덕 일대 식당 중심 미식 루트,h000557
229,제주시·성산 동선 2일 미식여행,노형·공항 인근 식당과 성산 해산물 맛집 위주 일정,h000570
230,제주시 동·서부 당일 맛집·카페 투어 1일,"함덕·애월 해변 산책과 맛집, 카페 중심 코스",h000571
231,제주시 맛집 중심 루트 3일,제주시 중심 식당·고기·한식 위주 미식여행,h000574
232,동부·서귀포 맛집 중심 2일,성산·서귀동·구좌 일대 식당·빵집 위주 먹방 여행,h000580
233,동부·함덕·노형 3일 루트,구좌·성산 자연·전시와 함덕 맛집·해변 중심,h000581
234,제주시 함덕리 근교 성지순례 1일,김기량순교기념관 방문 중심의 역사·종교 탐방,h000583
235,서귀포 1박2일 시내 숙박·식도락,서귀포 시내 호텔 숙박과 샤브샤브 맛집 방문,h000584
236,동서부 온천·맛집·해변 3일,"온천과 해산물·베이커리, 애월·금능 해변 중심",h000585
237,제주시 맛집·근교 위주 3일,제주시 내 식당·카페·영화관 중심 도심 먹거리 여행,h000588
238,서귀포 신화월드 중심 4일 미식여행,신화월드·워터파크와 식당 위주의 식도락 루트,h000589
239,제주시·중문 맛집 중심 3일,제주시 한림·애월 맛집과 중문 식당 위주 일정,h000590
240,제주 동·서귀포 식도락 2일,베이커리·한식·일식·뷔페 위주의 맛집투어,h000592
241,동부 맛집·전시 루트 2일,성산·우도 위주 맛집 탐방과 빛의벙커 관람,h000595
242,동부 바닷가힐링 루트 3일,"함덕·월정 해변 중심, 카페·맛집·뷰맛집 위주 여행",h000597
243,제주 동서일주 맛집·카페 5일,해장국·흑돼지 등 식도락 위주 동서 해변 드라이브 여행,h000599
244,제주 동선 중심 3일 루트,함덕·남원·김녕·애월 맛집과 자연 풍경 여행,h000601
245,동부·서귀포·신화월드 4일 루트,맛집·해수욕장·우도·미술관·테마파크 중심 여행,h000602
246,동부 위주 3일 루트,우도·해변·맛집·리조트 즐기는 동부 코스,h000603
247,제주 2일 서부·동부 맛집 위주,애월·한경·구좌 카페·맛집과 포구 횟집 중심 루트,h000607
248,동부·남서부 맛집 중심 4일,제주시·표선·안덕 일대 호텔·로컬맛집 위주 여행,h000609
249,제주시·서귀포 맛집 중심 4일,"횟집·중식·양식과 카페, 미술관을 두루 즐기는 미식 여행",h000613
250,서부·서귀포 맛집 카페 루트 3일,애월 카페와 서귀포 레스토랑·디저트 여행,h000614
251,제주시·서귀포 미식·도심 4일,일식·회 중심의 맛집과 영화·호텔 휴식 루트,h000615
252,서귀포·제주시 2일 미술관·맛집 루트,미술관·전시 감상과 서귀포·제주 맛집 탐방 일정,h000616
253,제주시·서귀포 맛집투어 3일,국수·갈치·통족·연돈 등 서귀포 중심 미식여행,h000617
254,제주시 맛집투어 3일,제주시 일대 한식·일식·중식 위주 식도락 여행,h000619
255,서부 애월·한림·안덕 4일 루트,"애월·한림 카페와 식당, 액티비티 위주 여행",h000620
256,동부·서귀포·애월 일주 4일,"관광지·테마파크 중심, 카페·맛집 골고루 방문",h000624
257,제주시·서귀포 테마파크 3일,제주신화월드 테마파크와 맛집 중심 여행,h000627
258,제주 동·서부 맛집투어 6일,성산·구좌·애월·노형 중심 식당·카페 위주 루트,h000628
259,서귀포 맛집투어 중심 3일,흑돼지·김밥·치킨 등 식도락 위주 일정,h000629
260,"서귀포·애월 4일, 맛집·펜션 중심",전복·갈치 등 해산물 맛집과 펜션 휴식 위주 여행,h000630
261,제주시·서귀포 시내·애월 맛집 3일,"시내 카페·올레길과 서귀포 관광, 애월 맛집 중심 여행",h000631
262,1일차 남부·2일차 동부·도심 먹거리,서귀포 카페·분식·고기와 월정리·연동 디저트 투어,h000634
263,제주시 동부 맛집 중심 3일,삼양·함덕 일대 식당·분식·카페 위주,h000635
264,1박2일 동부 중심 맛집숙소 루트,성산·우도·제주시 맛집과 펜션·콘도 위주 일정,h000637
265,동서 균형 맛집·숙소 8일 루트,제주시·성산·안덕 일대 식당·카페·숙소 중심 여행,h000645
266,동부·서귀포·서부 맛집투어 4일,성산·안덕·송악산 일대 식당·빵집 중심 여행,h000648
267,서부 맛집·쇼핑 루트 4일,협재·애월·서귀포 맛집과 신화월드 쇼핑 중심,h000652
268,제주시·성산 맛집 중심 3일,칼국수·해장국·해산물 위주의 식도락 여행,h000653
269,동부·서귀포·서부 맛집·카페 3일,맛집·게스트하우스·카페·전시·거리 산책 위주 일정,h000654
270,제주 동·서귀포 맛집투어 3일,제주시·서귀포시 중심 떡집·국수·고기·카페 위주 미식 여행,h000656
271,제주 전역 맛집·숙소 중심 4일,식당·카페·펜션 위주의 먹방 겸 휴식 여행,h000660
272,제주시·우도 3일 미식·카페 루트,우도 중심 식당·카페와 애월·협재 맛집 위주의 코스,h000667
273,중문·협재 맛집 중심 4일,제주시·서귀포 맛집과 시장 위주의 미식 여행,h000674
274,제주시 맛집투어 루트 3일,제주시 일대 해산물·흑돼지·국밥 위주의 식도락 여행,h000676
275,제주시·중문·서귀포 식도락 3일,순두부·국수·해장국·갈치·흑돼지 위주의 맛집 여행,h000677
276,제주 서부·서귀포 3일 먹거리·카페여행,맛집·디저트와 카멜리아힐 중심의 여유 코스,h000678
277,동부 카페·맛집 중심 2일,"표선·성산 목장카페와 정원카페, 현지 맛집 탐방",h000683
278,동부·서부 테마여행 3일,"함덕·평대 해변과 카페, 공연·족욕 힐링 루트",h000689
279,제주시·서부 맛집투어 3일,제주시·협재·한림 위주의 현지 식당·분식·중식·베이커리 맛집 여행,h000690
280,제주시 동부 맛집·전망 4일,"제주시 일대 맛집과 해안 드라이브, 전망 위주 일정",h000691
281,제주 전역 맛집·카페 투어 3일,"제주시·서귀포시 전역 맛집과 카페, 스파 중심 여행",h000693
282,중문·안덕 맛집·카페 루트 3일,제주시 식당 후 중문·안덕 위주 맛집·카페 여행,h000695
283,제주 동·서부 맛집·테마파크 5일,성산·신화월드 중심 체험형 맛집 위주 여행,h000700
284,동·동부 맛집 중심 3일,"서귀포 중심 식사 위주, 동부 카페·국수 포함",h000701
285,동부 자연·맛집 루트 3일,"김녕·성산 일대 카페·맛집과 트레킹, 박물관 일정",h000702
286,동부·애월 감성 루트 3일,"우도·스누피가든, 애월 맛집·카페 중심",h000703
287,제주 동서 맛집 투어 3일,제주시·서귀포시 국수·고기·한식 위주 미식여행,h000705
288,제주시 함덕 맛집투어 3일,함덕·노형 중심 식당·빵집 위주의 미식 여행,h000706
289,제주 맛집·카페·체험 코스 5일,공항·애월·중문 중심 맛집과 전시·테마파크 체험 여행,h000707
290,동부 구좌·성산 식도락 5일,구좌·성산 카페·로컬맛집 위주의 동선,h000708
291,제주시·남원 동부 해변·맛집 1일,함덕 해수욕·카페·식당과 남원 로컬식당 방문,h000713
292,제주시·서귀포 시내 맛집투어 4일,제주시·서귀포 시내 위주 식도락 중심 루트,h000716
293,제주시 맛집 탐방 1일,노형동·제주시 해장·보양식 위주 식도락,h000717
294,제주시 맛집·카페 중심 4일,"제주시 내 식당·카페와 공연·전시, 해변·공원 위주 일정",h000719
295,제주 동서부 맛집 위주 1일,제주‧서귀포 한식과 회 중심 식도락 여행,h000722
296,제주시·애월 맛집·핫플 루트 2일,제주시 원도심과 애월 일대 맛집·카페·뮤지엄 중심 여행,h000723
297,서귀포·제주시 서부 맛집·게하 4일,"중문·안덕·대정 맛집 중심, 게스트하우스 숙박과 오설록·미술관 코스",h000724
298,제주시 맛집투어 루트 3일,제주시 내 식당·분식·고기·일식 위주의 미식 여행,h000725
299,제주 서부·서귀포 맛집 중심 3일,애월·도두·하모 일대 드라이브와 식당 위주 여행,h000726
300,중문·안덕·한림·제주시 4일,"온천·박물관과 산방산 맛집, 해안 드라이브·카페·주점",h000733
301,제주시·서귀포 4일 먹방·카페여행,"맛집·국밥·횟집과 애월·협재 카페, 해변 산책 중심",h000734
302,제주 4일 코스 (제주시·서귀포시),해안도로·카페·맛집 위주의 여유로운 드라이브 여행,h000739
303,동부·서귀포·서부 알뜰 미식 7일,"성산·안덕 맛집과 카페, 베이커리·동물원·뮤지엄 방문 루트",h000740
304,제주시 서부·동부 맛집·카페 6일,"협재·함덕·구좌 중심 맛집과 카페, 관광지 방문 여행",h000742
305,동부 바다·우도·중문 루트 3일,"우도·성산·함덕 중심 맛집과 카페, 자연·체험 관광",h000745
306,애월·서귀포·제주시 맛집 루트 3일,치킨·흑돼지·해산물·국수 위주의 식도락 여행,h000750
307,서귀포·제주시 맛집 위주 3일,서귀포 카페·식당과 애월·한림 포차·바비큐 중심,h000753
308,제주시·서귀포 4일 미식·카페 루트,"제주시 중심 맛집과 애월·중문 카페, 관광·체험 위주 일정",h000755
309,"동부 4일, 함덕·성산·표선 위주","동부 해변·카페와 흑돼지·회 맛집, 테마파크 포함 여유 여행",h000756
310,제주시·서귀포 호텔·맛집 1일,제주·신라호텔과 식당 중심 미식 여행,h000758
311,동부 우도·성산·제주시 4일,"우도·성산 동부 중심, 빵·국수·해산물·치킨 맛집 위주의 일정",h000759
312,동부·남부 맛집 위주 4일,"남원·성산·조천 식당과 카페, 액티비티 중심 루트",h000760
313,제주시 서북부 맛집·카페 3일,"한림·애월·조천 일대 카페와 식당, 테마파크 중심",h000761
314,제주 동서부 도심·해안 3일 루트,"카페·맛집과 전시·공연, 해안 드라이브를 즐기는 여행",h000763
315,제주 동서남부 감성 4일 루트,제주시 맛집·전시와 서귀포 자연·카페 균형 여행,h000765
316,제주 서부·서귀포 5일 미식여행,"애월·협재 카페와 식당, 서귀포 맛집 중심 루트",h000768
317,서귀포·제주시 2일 남부 먹거리 여행,서귀포 어시장·횟집과 카페·숙소 중심 일정,h000770
318,서부 먹거리·바다뷰 루트 2일,모슬포·차귀도 중심 맛집과 바다 감상,h000771
319,제주시·서귀포 맛집 중심 2일,성산·구좌·노형 맛집과 미술관·해수랜드 코스,h000772
320,제주 동부·중문 맛집투어 3일,함덕·성산·제주시 국수·뚝배기·카페 중심 미식여행,h000773
321,동부 조용한 숙소 위주 1일,조천·구좌·성산 일대 식당·카페·펜션 중심 일정,h000781
322,동서부 맛집 중심 4일,제주시·서귀포시 식당 위주의 먹거리 여행,h000782
323,서부·중문 맛집·디저트 3일,"제주시·서귀포시 식당과 베이커리, 카페 위주의 미식 여행",h000788
324,동부·서귀포 3일 미식·자연 루트,"성산·표선·안덕 맛집과 카페, 휴양림 중심 여행",h000789
325,동부 먹거리 중심 루트 2일,함덕·김녕·성산 동부 위주의 맛집·카페 여행,h000791
326,서귀포·제주시 맛집 중심 4일,신화월드·서귀포·제주시 식당·카페 위주 미식 여행,h000794
327,동·서귀포 맛집 중심 4일 루트,제주시-서귀포 시내와 중문 위주 식당·카페·전망 명소 여행,h000797
328,서귀포 안덕 1일 키덜트·맛집 루트,헬로키티 테마파크와 메밀막국수 맛집 여행,h000799
329,제주시 함덕 맛집투어 3일,함덕 해변 근처 식당·카페 위주의 미식 여행,h000800
330,동서부 맛집·액티비티 3일,"제주시·서귀포 한식 맛집과 리조트, 실내 액티비티 중심 여행",h000802
331,서귀포·가파도·애월 맛집 힐링 4일,"서귀포 시내 맛집과 카페, 가파도 섬여행, 애월 카페·노천탕으로 여유로운 미식 중심 여행",h000805
332,제주 동서부 도심·중문·성산 4일,제주시 맛집·카페와 중문·성산 체험·해산물 위주 여행,h000806
333,제주 동서부 맛집·카페 4일,"제주시·서귀포시 해산물, 흑돼지, 카페 중심 미식여행",h000807
334,중문·성산 중심 3일 남부일주,중문·성산 카페·맛집과 전시·자연 감상 여행,h000810
335,제주시·애월 3일 미식·카페·해변 루트,"해장국·국수 등 맛집과 애월 카페, 곽지해변 중심 여행",h000814
336,1박 2일 서부 맛집 중심 루트,제주시·협재·중문 식당·카페 위주의 여행,h000815
337,제주 중문·동부·애월 4일,"중문·동부 맛집과 카페, 온천·전시 즐기는 코스",h000817
338,동부·서귀포 중심 3일,동부 관광·서귀포 자연·맛집 위주의 루트,h000819
339,제주시·서귀포 4일 먹거리+관광,지역맛집·카페와 아르떼뮤지엄·신화월드 등 관광 병행 루트,h000821
340,제주시 맛집 중심 4일 루트,함덕·노형 위주 식당·카페·해장국 미식 여행,h000825
341,제주시 동부 3일 미식 숙소 루트,제주시 맛집·수산시장·카페와 게스트하우스 중심 여행,h000826
342,제주 동·서부 맛집투어 6일,제주시·서귀포시 전역 식당·카페 위주의 미식여행,h000829
343,제주시·서귀포 4일 미식 루트,베이커리·포차·고기·해산물 위주의 맛집 여행,h000831
344,제주시·동부 맛집 위주 3일,제주시·성산·표선 식당과 카페 중심 먹방 여행,h000832
345,서귀포·구좌 맛집투어 3일,서귀포·구좌 동물카페와 흑돼지·로컬식당 중심 여행,h000833
346,동부 맛집·카페 3일 루트,김녕·세화·우도 중심 맛집·카페 및 오션뷰 펜션 여행,h000834
347,동부 맛집·빵집 위주 2일,"함덕·구좌 해안 맛집과 제주시 빵집, 해산물·국밥 코스",h000835
348,동부·서부 맛집 위주 4일,표선·성산 일대 해변·횟집·국수·카페 맛투어,h000837
349,제주 서부·서귀포 5일 먹킷리스트 여행,흑돼지·갈치·치킨·샤브·중식 등 맛집 위주 코스,h000842
350,동부/서귀포 맛집투어 루트 2일,제주시·구좌·성산 중심의 식당 위주 맛여행,h000844
351,동부·서귀포 시내 2일 루트,성산 숙박과 서귀포 시내 맛집·카페 중심 여행,h000849
352,동부·서귀포 맛집 위주 5일,서귀포 위주 현지 맛집과 동부 해안 드라이브,h000852
353,제주 동서부 맛집·카페 3일,"제주시 원도심과 함덕, 서귀포 안덕·한경 맛집과 카페 위주 일정",h000855
354,제주 동·서귀포 식도락 4일,제주시·서귀포시 위주 식당 방문 맛집 여행,h000857
355,제주 시내·중문 맛집투어 3일,제주시·서귀포 맛집과 호텔 뷔페 중심 여행,h000858
356,제주 동·서부 맛집 위주 4일,제주시·서귀포 한식·고기·뷔페·분식 등 식도락 여행,h000859
357,서부 감성 드라이브 루트 2일,애월·산방산 중심 맛집·펜션·해안 산책,h000861
358,동서부 감성 카페·액티비티 3일,구좌·애월 체험형 놀거리와 협재·서귀 서쪽 카페·맛집 위주 일정,h000866
359,서부 먹거리·축제 1일 루트,제주시 카페·식당과 서귀포 먹거리·축제 방문,h000868
360,중문·애월 맛집 위주 3일,제주시·중문 중심의 현지 식당·카페 맛투어,h000869
361,제주시·서귀포 시내 위주 1일,"시내 식당·카페와 전시관, 벚꽃 거리 감상 루트",h000870
362,중남부·성산 맛집·관광 4일,"서귀포 중심 맛집과 카페, 관광지 알찬 일정",h000871
363,서귀포·제주 시내 위주 4일,해장국·치킨 등 식당과 수목원·해변 여행,h000872
364,제주 동·서부 맛집 카페 루트 2일,조천·구좌·서귀포 위주 맛집·카페 중심 여행,h000873
365,제주 동서부 맛집 중심 3일,"제주시·서귀포 식당, 펍, 카페와 월정리 해변 여행",h000874
366,제주시·서귀포 5일 먹거리·숙소 중심,"맛집과 떡집, 카페·숙소 위주의 도심·해안 여행",h000877
367,제주 동서부 맛집·쇼핑 4일,신화월드·세화·함덕 등 맛집 중심 여정,h000880
368,제주 미식투어 2일,제주시·서귀포시 중심 맛집·카페 위주의 여행,h000881
369,동부·애월 맛집·게스트하우스 4일,"애월 숙소 후 표선·성산·남원 맛집과 해변, 카페 위주의 동부 여행",h000884
370,제주 동서 흑돼지·맛집 루트 3일,제주시·중문·협재 중심의 흑돼지와 한식 맛집 여행,h000886
371,제주시 맛집·전시 루트 4일,제주시 중심 식도락과 전시·카페 위주의 여유 여행,h000890
372,서부 맛집·카페 중심 루트 1일,애월·한림·안덕 감성 카페와 식당 위주 일정,h000892
373,서귀포 신화월드·협재 중심 4일,"신화월드 테마파크와 서귀포 관광, 협재 카페·맛집 위주",h000894
374,제주 동부·서귀포 맛집 중심 3일,휴애리·섭지코지 인근 중심의 흑돼지·한우·해산물 맛집 여행,h000895
375,서귀포 1박2일 해변·맛집·카페,"남원 해변과 중문 카페, 맛집·리조트 중심 여행",h000897
376,서부 협재·신화월드 루트 4일,협재 맛집과 신화월드 테마·워터파크 중심 여행,h000898
377,제주시 한림 협재·맛집 투어 2일,협재·한림 일대 칼국수·흑돼지·카페 중심 식도락,h000899
378,동부·서귀포 맛집 중심 2일,서귀포 일대 식당·카페 위주 미식 여행,h000904
379,제주시 맛집 중심 3일 루트,연동·애월 일대 한우·흑돼지·갈치 등 맛집 투어,h000908
380,제주시·애월 맛집·카페 4일,"애월 일대 맛집, 카페, 바다 산책 위주 일정",h000909
381,서부·신화월드 맛집 중심 3일,신화월드·한림·제주시 일대 맛집 위주 루트,h000912
382,동서부 드라이브&카페투어 5일,한경·협재·구좌·성산 일대 카페·맛집 중심 여유 여행,h000914
383,제주 3일 미식·리조트 힐링 여행,"맛집·카페와 스누피가든, 리조트 숙박 중심",h000915
384,제주시 동·북부 맛집투어 4일,함덕·구좌 위주의 식당·분식·베이커리 먹방 여행,h000917
385,제주 4일 서·서부 골프·공원·맛집,"성산·한림·한경·산방산 일대 골프와 공원, 해변·맛집 중심 루트",h000920
386,동부·서부 맛집 중심 4일,성산·구좌 중심 맛집·카페 위주 미식 여행,h000921
387,제주 동서미식·카페투어 5일,"제주시·서귀포 맛집과 카페, 공연 포함 미식 여행",h000922
388,제주시 동·서·동부 알찬 6일,카페·맛집과 서귀포·우도·테마파크 균형 여행,h000926
389,동부 맛집·카페 루트 2일,표선·성산·우도 중심의 식당·카페 위주 여행,h001019
390,제주시 맛집·술집 위주 4일,"제주시 중심 식당·술집과 카페, 소규모 온천·전망 위주의 루트",h001023
391,제주시 애월‧함덕 맛집투어 4일,고기·한식 위주에 카페·해변 포함한 식도락 여행,h001024
392,제주시 동부 맛집·카페 루트 3일,"구좌·김녕 위주 맛집과 카페, 숙소 휴식 동선",h001025
393,동부·서귀포 위주 미식 루트 3일,서귀포 맛집과 우도·성산·구좌 카페·음식 중심 여행,h001026
394,"제주시 동서 2일, 맛집·협재 바다","제주시 테마파크·성지와 고기맛집, 협재·한림 바다 즐기기",h001032
395,제주 서부 맛집·카페 3일,"애월·한림 위주 맛집과 카페, 액티비티",h001034
396,서귀포·제주시 맛집·카페 3일,서귀포 위주 맛집 탐방과 카페 휴식 루트,h001036
397,서귀포·제주시 맛집 위주 3일,신화월드·중문 일대 맛집과 패밀리 테마파크 중심 여행,h001038
398,제주시 애월·한림 맛집투어 3일,애월·한림 맛집과 해안도로 중심 식도락 여행,h001041
399,서귀포·제주시 맛집투어 3일,안덕면 중심 식당·국수·횟집 먹방 여행,h001051
400,서귀포·협재 중심 4일 루트,"서귀포 카페·맛집과 협재 해변·맛집, 박물관·드라이브",h001054
401,서귀포·함덕 맛집 투어 2일,서귀포 흑돼지·곰탕·거리산책과 함덕 카페·식당 여행,h001055
402,동부·우도 맛집 위주 3일,성산·우도·제주시 식당 중심의 알찬 미식 여행,h001057
403,동부 식도락 중심 3일,표선·조천 맛집과 카페 중심의 동부 위주 여행,h001060
404,동부·서귀포 위주 맛집 4일,"동부·서귀포 중심 식당·카페와 온천, 공원 일정",h001063
405,동부 카페·펜션 위주 1일,"구좌 카페와 펜션, 서귀포 식당 방문 루트",h001065
406,제주시 중심 맛집·드라이브 3일,"제주시 맛집 위주, 서부 해안 드라이브와 한라산 산행 포함",h001066
407,동부·서귀포 맛집 중심 2일,제주시와 성산·안덕·대정 맛집 투어 위주 일정,h001068
408,애월·한림 서부 먹거리 중심 4일,"애월·곽지 맛집과 펜션, 공연·올레길 포함한 서부 힐링 여행",h001069
409,제주 서부·동부 4일 맛집투어,협재·애월·함덕·우도·성산 중심 맛집 탐방,h001073
410,제주시 맛집 탐방 1일,제주시 족발보쌈 맛집 위주의 식도락,h001074
411,동부·서귀포·서부 맛집 위주 3일,함덕·김녕·서귀포·사계·애월 맛집 중심 식도락 여행,h001075
412,1박 2일 동서부 식도락 여행,제주시·서귀포시 국수·뚝배기·버거 맛집 중심,h001076
413,제주시 맛집·카페 중심 4일,"애월·협재 맛집과 카페, 빛의벙커 포함한 서·동부 식도락 여행",h001078
414,"제주 5일, 동부 위주 미식·카페 여행","함덕·성산·서귀포 중심 맛집과 카페, 해변 산책 루트",h001079
415,제주시·서귀포 맛집 중심 4일,연동·세화·서귀포 일대 식도락 위주 코스,h001081
416,동부·우도·서귀포 맛집 위주 3일,순두부·해장국·한식 및 우도·성산·신라호텔 식도락 여행,h001082
417,제주시·서귀포 먹방 중심 4일,국수·만두·치킨·갈치·횟집 등 맛집 위주 식도락 여행,h001084
418,2박 3일 서귀포·제주시 쇼핑&맛집,제주신화월드 중심 쇼핑·테마파크와 중문·제주시 맛집·베이커리 탐방,h001085
419,제주 3일 루트(애월·신도·제주시 시내),애월·신도 맛집과 제주시 카페·도심 산책 위주 여행,h001086
420,중문·서귀포 맛집·카페 2일,"함덕·표선 카페와 서귀포 흑돼지·갈치, 숙소 휴식 루트",h001089
421,제주 동서 맛집·리조트 루트 3일,서귀포·제주시 해장국·휴게소·카페 중심 여행,h001091
422,제주시·서부 드라이브 3일,"고기·해산물 맛집과 카페, 자연휴양림 중심 일정",h001093
423,제주시·서귀포 서부 맛집투어 3일,분식·해장국·해물라면 등 식도락 중심 루트,h001096
424,제주 동·서부 2일 알찬 코스,"도보길·해변 산책과 오마카세·스시 맛집, 독채펜션 숙박 여행",h001098
425,제주·서귀포 미식투어 3일,횟집·한식뷔페·해장국·치킨 등 맛집 중심,h001101
426,동부·중문·제주시 맛집 중심 3일,성산·중문·제주시 식도락과 카페·전망대 코스,h001102
427,제주시·서귀포 미식 4일 루트,갈치·장어·고기 맛집과 해수욕장·카페 위주 일정,h001103
428,서부 애월·서귀포 맛집·관광 2일,"애월 숙박과 스시·브런치, 국수·해산물 맛집, 산방산 놀이·푸드몰 코스",h001106
429,동서 맛집 탐방 루트 4일,제주시·서귀포시 위주 맛집 중심 미식 여행,h001108
430,서귀포·남원 먹거리 중심 2일,서귀포 중심 맛집과 남원 리조트 물놀이,h001113
431,제주시 시내 미식 투어 3일,제주시 일대 식당·카페·포장마차 위주의 먹방 여행,h001117
432,제주시·서귀포 맛집투어 1일,서귀포·노형동 중심 빵집·갈비·무한리필·명태조림 맛집 루트,h001120
433,제주시·서귀포 감성맛집 루트 3일,"순두부·김밥·중식과 카페, 루프탑·해변·전망 카페 중심 여행",h001121
434,제주시 애월 중심 3일 먹방 루트,제주시·애월 맛집과 휴식 위주의 식도락 여행,h001124
435,제주시 서부·동부 일주 3일,서부 해변·맛집과 동부 카페·갈비밥 중심 여행,h001125
436,동부·서귀포·서부·제주시 5일,"성산·서귀포 맛집·카페와 서부 카페, 제주시 식당 위주 먹방 여행",h001127
437,동부·제주시 맛집·카페 3일,공항 근처와 구좌·조천 중심의 맛집·카페 위주 코스,h001129
438,서귀포 사계·상효 3일 미식여행,"식당·숙소 중심, 수목원 산책 더한 서귀포 미식 루트",h001131
439,동서南北 맛집·리조트 4일,"제주시·서귀포시 전역 맛집과 카페, 리조트 중심 여행",h001136
440,제주시 도심 미식·예술 루트 3일,중앙로·함덕 중심 식당 위주 도심 여행,h001139
441,동부·중문·애월 맛집 중심 4일,"성산·서귀포·애월 맛집과 카페, 전시 체험 포함한 동선",h001140
442,제주 동서부 식도락 2일,제주시·서귀포 맛집 중심의 먹방 여행,h001144
443,제주시 애월 맛집·숙소 루트 3일,제주시·애월 중심 맛집 탐방과 감성 숙소 여행,h001146
444,제주시 카페·맛집 위주 3일,"제주시 베이커리·카페와 식당, 해변 감성 여행 루트",h001148
445,제주 동·서부 먹거리 위주 4일,연동·우도·성산·서귀포 맛집과 카페 탐방 코스,h001150
446,제주 중문·애월·시내 3일,중문·송악 일대 관광과 애월·제주시 맛집 중심 일정,h001151
447,동부 맛집·카페 중심 4일,"성산·구좌 맛집과 카페, 레저를 즐기는 동부 위주 여행",h001152
448,동·서귀포 시티 맛집 루트 4일,"서귀포 맛집·빵집과 제주시 카페, 드림타워·수목원 방문",h001156
449,제주 북·서부 맛집투어 3일,노형·애월·한림·구좌 중심 맛집·카페 위주,h001157
450,동부 맛집·카페 투어 2일,서귀포·함덕 위주 맛집과 카페 방문,h001160
451,동부 맛집·카페·산책 루트 4일,"제주시 동부 해장국·수산시장, 카페와 올레길 중심 여행",h001161
452,제주 동서부 맛집·자연 3일,"제주 시내·애월 식당 중심, 휴애리 자연공원 산책",h001162
453,제주시·서귀포 2일 맛집·자연 루트,"제주시 맛집·카페와 서귀포 자연경관, 해장국·리조트 코스",h001167
454,제주시 서부 맛집·카페 4일,연동·애월·협재 중심 식당·카페·전시 위주 여행,h001168
455,서귀포 1박2일 미식·힐링 루트,중문·안덕 맛집과 호텔 위주의 여유 여행,h001171
456,제주시 맛집투어 루트 2일,제주시 한우·해산물 중심 로컬 맛집 여행,h001172
457,동서부 맛집 중심 제주 5일,"제주시·서귀포 맛집과 카페, 호텔 레스토랑 위주 미식 여행",h001182
458,제주시·애월·서귀포 미식투어 3일,제주시·애월 중심 식당·게스트하우스 위주 맛집 여행,h001183
459,제주시 도심 맛집·전시 루트 3일,제주시 내 해장국·고기·분식과 미술관·극장 중심 여행,h001184
460,동부·서귀포 위주 미식 4일,동부 해변·서귀포 자연과 고기·해산물 맛집 중심,h001185
461,제주시 서부 맛집·바다뷰 4일,월령·협재·애월 해안 따라 식당·카페 위주,h001187
462,제주시 중심 4일 먹방 루트,해장국·순대국·치킨 등 식당·분식 위주 여행,h001188
463,동부 맛집·카페 위주 4일,"구좌·성산 중심 맛집과 카페, 해안 드라이브",h001189
464,제주시 맛집 위주 6일,제주시 일대 한식·해장국·횟집·분식·주점 중심 먹방 여행,h001192
465,제주시 서부·도심 맛집투어 3일,"한림·애월 맛집과 카페, 도두·연동 위주 미식 여행",h001195
466,북서부 애월·협재·오설록 3일,"애월·협재 맛집과 카페, 해변·티뮤지엄 중심",h001196
467,중문·성산·애월 3일 가족여행,테마파크·리조트 중심에 해산물 맛집 코스,h001198
468,동부·서귀포 맛집 위주 4일,제주시-표선-서귀포 일대 식당 중심 루트,h001200
469,서귀포·제주시 농장·맛집 2일,"감귤체험과 가시리 카페, 서귀포·제주 맛집 방문",h001203
470,제주시 서부 맛집·카페 4일,제주시·애월·한림 식당 중심의 미식 여행,h001205
471,서귀포·제주시 미식투어 3일,"중문·서귀포 맛집과 온천, 제주시 로컬식당 중심",h001206
472,제주시 동·조천 맛집투어 3일,제주시 도심·조천 함덕 중심 식도락 여행,h001207
473,동북/우도·성산 먹거리 4일,제주시 동북부 맛집과 우도·성산 해변·카페 위주 일정,h001208
474,서귀포 남원 위미 주변 1일,위미 해안도로와 마을 산책 중심 코스,h001210
475,제주시·서귀포 맛집투어 3일,제주시·애월·서귀포 일대 식당·떡·베이커리 중심 맛투어,h001211
476,제주 동서맛집 투어 4일,제주시·서귀포시 전역 맛집·흑돼지·해산물 중심 여행,h001212
477,제주시 1박2일 식도락 펜션여행,제주시 펜션 숙박과 애월·연동 중심 맛집 탐방,h001213
478,제주시 동·서부 맛집 2일 루트,해장국·한식·일식과 게스트하우스 중심 식도락 여행,h001214
479,제주시 애월·협재 식도락 3일,제주시 애월·협재 중심 식당·카페 위주 맛집 여행,h001215
480,제주 동서 맛집투어 3일,제주시·서귀포시 일대 일식·고기·해산물·국수 위주 맛집여행,h001218
481,서귀포 서부 먹거리·숙소 루트 3일,"가파도 위주 식당·휴게점과 펜션, 카라반 여행",h001223
482,동부·중문·제주시 3일 일정,성산·중문 관광과 맛집·카페 중심 여행,h001224
483,동부 바다·맛집 루트 1일,함덕·표선 해변과 빵·두부·치킨 맛집 방문,h001228
484,동부 위주 먹거리·휴양 루트 3일,성산·남원 식당과 국수·흑돼지 중심의 맛집 여행,h001229
485,제주 동서부 레저·맛집 4일,"공항 올레길, 우도·신화월드, 현지 맛집 가볍게 즐기기",h001230
486,동부 함덕·우도·성산 맛집 2일,함덕·우도·성산 중심의 식당·카페 위주 동선,h001231
487,제주시·서귀포 맛집 중심 3일,"치킨·한식·일식과 카페, 패스트푸드 포함 미식 여행",h001233
488,동부·중문 감성 맛집투어 3일,중문·성산·우도·함덕 중심 맛집·카페 루트,h001234
489,제주시 미식투어 3일,제주시 중심 몸국·흑돼지·분식·빵·카페 위주 맛집 여행,h001235
490,제주 맛집 위주 4일 미식 여행,제주·서귀포의 갈비·흑돼지·분식·국수·빵 맛집 투어,h001236
491,제주 2일 / 서귀포·제주시 맛집투어,제주신화월드·아라동 중심 식당·패밀리외식 여행,h001240
492,서귀포·성산·우도 미식 중심 6일,"서귀포·성산·우도 맛집, 해산물·고기 위주 식도락 여행",h001242
493,제주 동부·서귀포 맛집 루트 1일,"구좌 식당 위주, 서귀포 카페·통닭·수산까지 맛보기",h001245
494,제주 동서미식 루트 3일,애월·서귀포 맛집과 함덕 해변 중심 식도락,h001247
495,동·서부 맛집 중심 4일 코스,노형·대정·성산·함덕 식당과 카페 위주 일정,h001249
496,제주시·서귀포 미식·전시 투어 3일,흑돼지·보쌈·시장 먹거리와 미술관 중심 여행,h001250
497,제주시·서귀포 맛집투어 3일,연동·서귀동 중심 로컬 맛집·카페 여행,h001252
498,제주 미식투어 3일,제주시·서귀포 맛집 위주의 먹방 여행,h001253
499,중문 1일 먹거리 루트,중문 고집돌우럭 식도락 중심 일정,h001254
500,서귀포·제주시 맛집 중심 4일,중문·협재 위주 식당·카페 골고루 방문,h001255
501,제주시 도심·동부 맛집·전시 4일,제주시 카페·식당과 박물관·전시·자연 산책 위주 여행,h001257
502,제주 동·서부 핫플랜 4일,카페·맛집·전시·키즈파크·오름·해변 골고루 즐기는 일정,h001258
503,제주시 동부 맛집·함덕 해변 2일,"제주시내 식당 중심, 함덕해수욕장·유배길 산책",h001260
504,중문·협재 맛집 포도뮤지엄 2일,협재·중문 해산물 맛집과 포도뮤지엄 방문,h001261
505,서귀포 맛집 중심 3일,서귀포 위주 식당·카페 맛집 탐방,h001262
506,서귀포·동부 카페맛집 위주 5일,카페·맛집과 우도·중문·성산·남원 해안 중심 일정,h001264
507,1일차 서귀포·2일차 서부 맛집투어 2일,국수·국밥부터 김밥·버거·짬뽕까지 식도락 중심 루트,h001269
508,서귀포·제주시 맛집·갤러리 3일,"서귀포 맛집 중심, 갤러리·축제거리 포함 일정",h001270
509,제주시·서귀포 맛집 중심 3일,제주시·서귀포 한식·카페·뷔페 위주 미식 여행,h001271
510,2박 3일 서귀포·제주시 서부 먹킷리스트,신화월드·중문·협재 중심 맛집·카페·해변 여행,h001275
511,제주시·서귀포 맛집 중심 3일,현지 식당·흑돼지·분식 위주의 식도락 여행,h001276
512,애월·협재 맛집투어 2일,애월·협재 식당·카페 중심 미식 여행,h001279
513,동부·서부 맛집·카페 루트 3일,제주시·성산·한림 일대 식당·카페·숙소 중심 여행,h001280
514,제주시 애월 숙소·맛집 3일,애월 횟집·식당과 감성 숙소 중심 코스,h001282
515,동부 성산·표선 맛집 중심 3일,성산·표선 위주 해안 드라이브와 현지 맛집 투어,h001283
516,동부 로컬 맛집 탐방 1일,위미·구좌 지역 로컬 식당·상점 방문,h001285
517,동부·제주시 바다·맛집 1일,"성산 해산물, 삼양해변, 순대 맛집 루트",h001287
518,서귀포·제주 시내 맛집 중심 3일,순두부·분식·치킨·전복·회와 호텔 숙박,h001288
519,제주시·서귀포 4일 알찬 먹거리 여행,제주시·서귀포 식당·카페 중심 힐링 루트,h001292
520,제주 동서부 맛집·카페 4일,제주시-성산·안덕·중문 일대 맛집·카페 위주 일정,h001293
521,제주 동선 중심 3일 미식투어,제주시·서귀포 맛집과 로컬 식당 위주 여행,h001297
522,제주시·서귀포 맛집투어 3일,공항 인근 카페와 제주시·중문 일대 맛집 위주 미식 여행,h001298
523,동부·중문·서귀포 3일 루트,에코랜드·폭포·온천과 맛집·카페 위주 여행,h001299
524,제주 서귀포 맛집 중심 3일,제주시·서귀포 한식 위주 식도락 여행,h001301
525,동부 월정·성산 2일 루트,월정 카페·전시와 성산 흑돼지·회·해변 중심 여행,h001303
526,중문·우도·이호 해변 맛집 루트 4일,중문·우도·이호 해변 중심의 맛집·해산물 위주 여행,h001306
527,제주 맛집 위주 4일 루트,국수·탕·뷔페·분식 등 식도락 중심 일정,h001309
528,제주시 서부 맛집·카페 루트 3일,애월·협재 맛집과 카페 중심의 여유 여행,h001314
529,제주시 맛집 탐방 루트 3일,제주시 중심 식당·카페 위주 미식 여행,h001315
530,제주시 맛집투어 3일,제주시 내 식당·분식·카페 위주의 미식 여행,h001316
531,동부·서귀포·서부 일주 3일,동부·서귀포·서부 해변과 맛집·카페 중심 코스,h001317
532,제주시·서귀포 미식 위주 4일,"제주시 중심 식당·횟집·술집과 서귀포 맛집, 카페·동물원·뮤지엄 방문",h001318
533,동부 성산·구좌 4일 먹방여행,"성산·종달 식당과 카페, 펜션 중심 동선",h001320
534,제주시·서귀포 시내 맛집·산책 3일,"제주시·서귀포 국수·고기·한식과 골목 산책, 카페·갤러리 여행",h001322
535,서귀포 1일 미식·전시 루트,메로식당 식사 후 갤러리 섬 관람 일정,h001325
536,제주시 맛집 중심 4일 루트,제주시 내 해장국·국밥·족발·갈비 등 식도락 위주,h001326
537,제주 동서부 맛집투어 3일,제주시·서귀포시 한식·카페 중심 미식 여행,h001329
538,제주시 서부 코스 2일,애월 드라이브·미술관·한림 식당·리조트 휴식,h001330
539,서귀포·제주 맛집 중심 2일,서귀포 중문 일대 체험·전망과 흑돼지·패스트푸드·갈비 맛집,h001332
540,제주 동·서부 맛집투어 4일,제주시·대정 일대 위주 식당·카페 맛집 여행,h001335
541,서귀포·제주시 감성 스팟 2일,중문 왁스뮤지엄과 제주시 카페 방문 루트,h001336
542,서부 맛집·숙소 위주 3일,제주 서부 식당·카페와 민박·리조트 중심 여행,h001338
543,제주시 도심 맛집·숙소 루트 3일,"연동·이도·건입동 위주 식당과 숙소, 박물관 방문",h001340
544,동부·서귀포 맛집 중심 3일,조천·구좌 카페와 성산·서귀포 현지 음식 위주의 미식 여행,h001345
545,제주시 동북부 맛집·카페 3일,함덕·월정 해변 중심 식당·해산물·카페 맛투어,h001354
546,동부·애월 맛집·카페 4일,제주시·서귀포 동부와 애월 위주 맛집·카페 여행,h001355
547,제주시·서귀포 시내 맛집투어 3일,제주시·서귀포 시내 중심 식당·고기·국수 위주의 맛집 여행,h001359
548,제주시·서귀포 도심 맛집투어 2일,제주시 중심 숙소 기반의 떡·카페·패스트푸드·식당 위주 여행,h001364
549,제주시·서귀포 맛집 중심 3일,버거·흑돼지·갈치 등 식도락 위주 코스,h001365
550,동·서부 맛집·카페 3일 루트,"연동·노형 출발, 구좌·월정 중심 맛집·카페와 숙소 여행",h001366
551,제주 동서 먹킷리스트 2일,제주시·서귀포 식당·술집·치킨 위주의 미식 여행,h001371
552,제주시 중심 3일 먹거리 투어,맛집·주전부리·펍 위주의 제주시 동선,h001372
553,제주 동·서 균형 맛집·해변 7일,"제주시·서귀포시 전역의 식당·카페와 해수욕장, 리조트 위주 루트",h001373
554,제주시 맛집·전시 위주 3일,"공항 근처 식당, 흑돼지·통닭 맛집과 뮤지엄 관람 중심",h001375
555,제주 동·서부 먹거리 중심 4일,제주시·성산 위주 맛집·카페와 아쿠아플라넷 관광,h001382
556,서귀포·애월 당일 먹킷리스트 1일,신화월드·중문·서귀포 맛집과 애월 카페·숙소 코스,h001385
557,동부 맛집·카페 투어 3일,구좌·성산 중심 식당과 카페 위주의 동부 미식 여행,h001391
558,동부·서귀포 맛집 위주 3일,"공항 인근과 성산·서귀포 식당, 체험형 관광 동선",h001392
559,제주시·서귀포 맛집 위주 2일,제주시청·칠성로·서귀포 우동·빵 등 식도락 여행,h001393
560,애월·한림·제주시 2일,"게스트하우스 숙박, 카페·맛집 중심 루트",h001396
561,제주 동서남 드라이브·맛집 3일,용담·서귀포·애월·성산·구좌 전역 해안 드라이브와 흑돼지·분식·카페·해변 위주 코스,h001397
562,애월·서귀포 맛집 중심 3일,"애월 흑돼지·갈치, 서귀포 고기·분식, 공항 인근 기념먹방 루트",h001398
563,서·동부 맛집 중심 4일,"제주시 카페·고기국수와 서귀포 전복, 동부 카페·한식 맛집 탐방",h001404
564,제주시 중심 4일 미식·카페 루트,"제주시 식당·카페 위주, 서귀포 체험·전시 포함",h001405
565,제주시 중심 4일 먹거리 여행,제주시 숙소 위주로 해산물·맛집·카페를 즐기는 여유 코스,h001406
566,제주 중문·서귀포 맛집 위주 3일,제주시·중문·사계 일대 국수·갈비·카페·전시 관람 맛집 여행,h001407
567,서귀포·애월 서부 루트 3일,맛집·카페·갤러리 위주의 서부 감성 여행,h001412
568,제주시·애월 맛집투어 3일,제주시 연동과 애월 일대 해산물·고기 맛집 중심 여행,h001415
569,제주시 애월·협재 2일 미식투어,노형·애월·협재 중심 식당·분식 맛집 탐방,h001416
570,제주 먹킷리스트 4일 루트,"제주시·서귀포 맛집과 카페, 함덕·송당 감성 숙소 여행",h001421
571,서부·도심 온천·맛집 2일,"서귀포 온천과 티뮤지엄, 제주시 해산물·고기국수 맛집 여행",h001428
572,제주 북서부 맛집·전시 루트 3일,국수·한우·횟집과 전시·테마파크 중심 여행,h001429
573,제주시 맛집 중심 4일,협재·애월 일대 식당·횟집 위주의 미식 여행,h001433
574,제주 동·서부 맛집·우도 포함 5일,제주시 중심 식당·카페와 서귀포·우도·동부 해안 드라이브,h001434
575,제주시·서귀포 시내 먹방 루트 3일,제주시·서귀포 식당·카페·시장 중심 미식여행,h001436
576,제주시·서귀포 맛집·카페 3일,제주시·서귀포 식당·카페와 성산·숲·아쿠아플라넷 일정,h001438
577,제주 시내·중문 맛집 중심 3일,술집·흑돼지·한식 위주의 식도락 일정,h001440
578,서귀포 시내·중문 미식 루트 3일,서귀포 동네식당·갈치조림·국수·해장국 위주의 맛집 여행,h001441
579,제주시·동부 위주 미식여행 5일,"제주시·동부 음식점 중심, 우도·함덕·성산 관광 포함한 맛집 탐방 루트",h001442
580,제주시·동부·중문·애월 4일,"제주시 맛집 중심, 김녕·세화·중문·애월 드라이브 맛기행",h001443
581,중문·안덕 중심 3일 미식여행,서귀포 중문·안덕 맛집과 카페 위주의 루트,h001447
582,제주시 맛집·카페 위주 3일,제주 시내 중심 식당·카페와 공원·해변 코스,h001451
583,동부 해안·맛집 위주 3일,"구좌·종달·하도 해안 드라이브와 맛집, 카페·전시 감성 숙소 여행",h001453
584,제주시 동네맛집 투어 2일,제주시 이도·삼양동 한식 맛집 중심 식도락 여행,h001457
585,제주시·서귀포 맛집 중심 3일,현지 식당·카페 위주에 도두봉·아쿠아플라넷 포함,h001458
586,서부·서귀포 맛집투어 4일,협재·모슬포·서귀포 위주 식도락 중심 일정,h001461
587,제주 서부 애월·협재 3일,"애월·협재 카페와 맛집, 한담·협재 해변 중심",h001462
588,제주시 함덕 당일치기 루트 1일,함덕 해변 맛집·카페와 산책 중심 일정,h001464
589,동부·서부 맛집·카페 2일,제주시 갤러리·카페와 함덕·안덕 맛집 코스,h001465
590,동부·서귀포 맛집 중심 3일,서귀포 맛집·패스트푸드와 성산·송악산·쇠소깍 관광,h001466
591,서귀포·제주 동선 4일 식도락 루트,"흑돼지·한식당과 빵집, 숙소 중심의 맛집 여행",h001467
592,1박2일 서귀포·제주 맛집·숙소 루트,서귀포 맛집 방문 후 함덕 인근 숙소에서 휴식,h001468
593,제주시 서부 맛집·카페 4일,애월·한림 해변 중심 맛집과 카페 위주 여행,h001471
594,제주 4일 먹방 루트,"제주·중문 한식과 해장국, 해산물, 흑돼지 중심 식도락 여행",h001473
595,제주 동·서부 맛집탐방 4일,"제주시 위주 식당·분식·카페, 성산·한림 맛집 포함 미식 여행",h001477
596,제주시·서귀포 식도락 3일,"국밥·해장국, 해산물 식당과 술집 중심 먹방 일정",h001478
597,제주시·서귀포 2일 맛집 중심 루트,해장국·고기·보쌈·쭈꾸미 등 식도락 위주 여행,h001481
598,서부·서귀포 중심 제주 3일,올레길·해변·전망 카페와 맛집 중심 일정,h001482
599,제주시 애월·한림 미식투어 2일,"애월·한림 맛집과 해수욕장, 시장 중심 여행",h001491
600,제주시·서귀포 맛집·전시 루트 3일,맛집과 전시·카페·펜션이 섞인 여유 여행,h001492
601,제주 동서남 식도락+카페 3일,맛집 중심에 카페·자연 산책이 곁들여진 루트,h001493
602,제주시 위주 4일 미식·카페 루트,"곱창·한우·순대국 등 식당과 카페, 게스트하우스 중심 여정",h001494
603,동서부 드라이브 맛집 루트 3일,전시관·카페·중문·맛집·펜션 포함 알찬 여행,h001497
604,제주 동서부 맛집·카페 3일,"제주시·애월·서귀포 식당과 카페, 체험 위주 코스",h001502
605,제주시·서귀포 맛집 루트 2일,구좌·표선 위주 해산물 식당 맛집 투어,h001504
606,제주시 맛집투어 3일,제주시 한식·분식·치킨 등 식도락 여행,h001505
607,동부 맛집·카페 중심 3일,"표선·구좌·제주시 일대 해변 맛집과 카페, 해안 드라이브 위주 일정",h001511
608,제주시 미식·전시 루트 4일,"제주시 내 해장국·한식 맛집과 카페, 미술관·뮤지엄 중심 여행",h001513
609,제주시·서귀포 맛집 위주 7일,치킨·흑돼지·일식 등 식당 중심 미식 여행,h001516
610,제주시·서귀포 맛집 중심 2일,패스트푸드·고기 맛집과 호텔 위주 알뜰 여행,h001517
611,제주시 도심 먹거리 중심 3일,제주시 연동·노형 위주 맛집·카페·숙소 여행,h001518
612,서귀포·제주시 서부 위주 2일,송악산·신화월드와 식당·카페·간식 코스,h001519
613,제주시·서귀포 미식투어 4일,고기·해산물 식당과 호텔 뷔페 중심 먹방 여행,h001520
614,제주시·서부 맛집·카페 3일,제주시·애월·협재 중심 맛집·카페 위주의 일정,h001526
615,제주시 도심 미식·문화 3일,제주시 식당·카페 중심에 전시·뮤지컬·수산시장 포함,h001528
616,제주시·서귀포 맛집 중심 3일,"도두·애월·협재 맛집과 카멜리아힐, 우도·성산 카페·식당 위주",h001529
617,서귀포 중문 맛집·카페 루트 3일,"중문·안덕 카페와 호텔 뷔페, 패스트푸드·치킨 맛집 위주",h001530
618,제주시 동부 마을 산책 1일,김녕리 해안 마을 풍경 즐기는 일정,h001533
619,동부·서부 드라이브 3일,함덕·김녕 동부와 한림·애월 서부 드라이브 맛집·카페 여행,h001535
620,제주시·애월 2일 미식·휴양 루트,구제주 맛집과 애월 카페·흑돼지·스파 중심,h001537
621,제주시 애월·동문시장 3일,애월 맛집·펍과 동문시장·오름 중심 미식여행,h001538
622,동부 1일 카페·식당 루트,구좌 카페와 성산 해장국 맛집 일정,h001540
623,제주시 동부 도심 산책 루트 1일,"별도봉·사라봉 숲길과 박물관, 전통거리 탐방",h001541
624,제주시·서부 맛집 중심 4일,현지 식당·분식·카페 위주의 미식 여행,h001542
625,동부·서귀포 맛집 중심 3일,성산·강정·노형 일대 맛집·카페 위주 일정,h001543
626,동부·서귀포·제주시 2일,"성읍마을·오름·서귀포 맛집, 함덕·삼양 해변 휴식",h001551
627,제주시 서부 맛집·전시 루트 2일,노형·애월·협재 위주의 맛집과 뮤지엄 방문,h001552
628,서귀포·제주시 맛집 위주 당일치기,서귀포 안덕 해물·숙성회와 제주시 분식·순두부 맛기행,h001553
629,제주시 맛집투어 3일,제주시 국수·해산물·갈치·분식 중심 미식 여행,h001557
630,서귀포·애월 맛집투어 3일,신화월드 중심 서귀포 맛집과 애월 흑돼지 위주 식도락 여행,h001560
631,서부 맛집·숙소 루트 3일,애월·한림·대정 지역 식당·카페·숙소 중심,h001562
632,제주시·서귀포 미식투어 3일,보쌈·치킨·분식과 중문 회·피자 중심 식도락 여행,h001563
633,성산읍 맛집·펜션 루트 2일,성산읍 식당·고기 맛집과 펜션 숙박 여행,h001566
634,동서부 맛집·체험 5일 루트,제주시·서귀포시 중심 식도락과 레저 체험 여행,h001570
635,제주시 중심 4일 먹방 루트,제주·중문 일대 한식·고기·일식·베이커리 맛집 위주,h001572
636,동부·제주시 맛집 위주 3일,성산·구좌 카페·해변과 제주시 식도락 여행,h001574
637,제주시·서귀포 맛집 위주 3일,"짬뽕·삼계탕·분식과 애월·협재 카페, 숙소 여행",h001581
638,제주시 도심·애월 맛집투어 2일,제주시 맛집·빵집 위주 도심 식도락 여행,h001582
639,서귀포·제주시 미식투어 3일,"서귀포 맛집과 시장, 제주시 해산물·주점 중심",h001588
640,제주시·서귀포 맛집 루트 3일,제주시 중심 식당·횟집과 서귀포 레스토랑 위주 여행,h001590
641,1~3일 서부 맛집·카페 루트,제주시·서귀포 맛집과 카페 중심 여유 여행,h001595
642,동부·우도 위주의 3일 일정,함덕·세화·성산·우도 식당·카페 중심,h001596
643,서귀포 시내 맛집 탐방 1일,서귀동 오는정김밥 위주의 식도락 여행,h001602
644,제주시 동·서부 맛집 루트 3일,"제주시 중심 식당·분식, 공항 인근 맛집과 성산·함덕 해변 인근 식당 위주의 여행",h001603
645,제주시 맛집·카페 루트 3일,애월·한림 맛집과 공항 인근 카페·미술관 여행,h001607
646,제주 시내·서부 맛집·카페 3일,공항 인근과 협재·서귀포 맛집·카페 중심 여행,h001610
647,제주 동·서귀포 맛집투어 5일,제주시·서귀포시 중심 식당·베이커리 맛집 여행,h001612
648,동부 목장·체험·일출 1일,표선·성산 체험과 성산일출·함덕 카페 방문,h001614
649,서귀포 강정동 농원 방문 1일,엉또농원 중심의 서귀포 농원 체험,h001615
650,동부 구좌·성산 1일 코스,카페·맛집과 수족관 즐기는 동부 여행,h001616
651,서귀포·서부 맛집·카멜리아힐 3일,서귀포·협재·안덕 식당과 카멜리아힐 중심 여행,h001617
652,서귀포·제주시 맛집투어 2일,국밥·횟집·면·고기 위주의 현지 맛집 여행,h001618
653,동·서부 맛집 카페 해변 루트 5일,제주시·애월·동부 위주 맛집·카페와 해변 드라이브,h001620
654,서귀포·제주시 맛집 중심 2일,"서귀포 위주 식당·카페, 펜션 숙박 포함 미식 여행",h001629
655,제주·서귀포 맛집 중심 1일,제주시·서귀포 한식 위주 식도락 여행,h001642
656,서귀포 신화월드 위주 맛집 3일,"신화월드 맛집·카페와 애견 카페, 소규모 동물원 방문 중심 여행",h001643
657,제주시·서귀포 서부 루트 3일,"공항 인근 식당, 협재·곽지 해변·포구 중심 미식 여행",h001645
658,제주시 중심 5일 식도락·카페 루트,"제주시 맛집과 카페, 수산시장·숲길·서귀포 맛집 포함한 식도락 위주 여행",h001647
659,제주 동서부 맛집·카페 3일,현지 고기·해산물 식당과 카페 위주의 소박한 먹방 여행,h001650
660,제주 동·서부 맛집 중심 4일,"제주시·서귀포 전역 맛집과 카페, 시장·거리 산책 루트",h001655
661,제주시 맛집투어 3일,제주 시내 위주 한식·해산물·카페 맛집 코스,h001660
662,제주 동서부 5일 먹거리·카페 루트,"제주시·서귀포시 맛집과 카페, 자연·전시 위주 힐링 여행",h001662
663,제주 맛집·카페 위주 5일,"애월·함덕·서귀포 맛집과 카페, 미술관·오름 일정",h001663
664,제주시‧동부 맛집투어 4일,성산·우도·함덕·연동 중심의 식도락 여행,h001666
665,서부·제주시 맛집 카페루트 3일,협재·한림 중심 식당·카페 위주의 여유 여행,h001667
666,제주시 5일 미식·카페 루트,"제주시 중심 맛집과 카페, 미술관·해변 포함한 도심 위주 여행",h001668
667,서귀포·서부 맛집투어 3일,레스토랑·시장·국수김밥과 박물관·올레길 코스 여행,h001670
668,서귀포·제주시 맛집 위주 1일,서귀포·제주시 한식·해산물·카페 맛집 탐방,h001671
669,"제주 3일, 제주시·서귀포 맛집 위주","제주시·서귀포 식당과 카페, 해변·미술관 코스",h001672
670,동부·서부 맛집 위주 3일,"동부·서부 한식과 분식, 치킨·베이커리 맛집 투어",h001675
671,동부·서귀포 드라이브 4일,오름·해안도로와 카페·맛집 위주의 자동차 여행,h001676
672,동·서귀포 맛집·비자림 3일,"제주시·서귀포 식당 위주, 비자림·온천 포함 여유 여행",h001681
673,제주시·동부 맛집투어 루트 3일,제주시·함덕·월정·성산 식당·카페 위주 먹방 여행,h001683
674,제주시 동부 맛집투어 3일,"제주시·함덕·월정 위주 식당, 카페 미식 여행",h001686
675,제주 중문·안덕 위주 4일,도심 식당·마트와 안덕 박물관·카페·바다,h001688
676,동부 맛집 중심 4일,"제주·성산 맛집과 카페, 영화로 즐기는 미식 여행",h001690
677,제주 시내·동부·서귀포 5일,맛집·해변·시장·미술관 두루 즐기는 코스,h001693
678,서부·중문 맛집 위주 3일,"갈치·해산물과 중문 맛집, 카페 중심",h001695
679,서귀포·협재 맛집투어 2일,서귀포 안덕·대정과 협재리 식당 중심 미식여행,h001697
680,제주시·서귀포 식도락 루트 3일,식당·횟집 중심의 제주시 맛집 탐방,h001698
681,동부 남원·서귀포 맛집 위주 2일,"남원·서귀포 동선에 식당·카페, 오름 전망 포함",h001699
682,제주시·서귀포 맛집 중심 2일,공항 인근·함덕·성산·중문 식당 위주 미식 루트,h001700
683,서귀포 맛집투어 루트 1일,양과자·카페와 국수·해장국 중심의 식도락 여행,h001703
684,서귀포·제주 시내 미식+관광 3일,"신화월드·서귀포 맛집과 미술관, 송악산 중심 루트",h001705
685,제주 동서부 맛집 탐방 2일,서귀포·제주시 위주의 현지 맛집 여행,h001706
686,동부·서부 맛집 중심 3일,성산·조천·한경 맛집과 해안도로 위주 루트,h001713
687,동부 우도·서귀포 맛집투어 4일,우도·서귀포 중심 식당·분식·카페 위주 미식여행,h001719
688,동부 맛집 탐방 루트 1일,성산읍 중심 식당·카페 위주의 미식 여행,h001720
689,동서남 제주시·서귀포 맛집 4일,흑돼지·해산물·한식 위주의 제주미식여행,h001722
690,서귀포·제주시 미식투어 3일,서귀포 맛집·술집과 제주시 카페·식당 위주의 여행,h001724
691,동부·서귀포 위주 먹거리 6일,동부·서귀포 식당·카페·숙소 중심 미식 여행,h001726
692,동부·우도 맛집 중심 2일,성산·우도·구좌 식당·카페 위주의 동부 미식 여행,h001727
693,제주 동서 맛집투어 3일,제주시·서귀포 한식 맛집 중심 식도락 여행,h001728
694,동부 조천 맛집·펜션 3일,조천읍 중심 식당 투어와 펜션 휴식 여행,h001730
695,서부·동부 드라이브 루트 5일,"협재·애월 카페·맛집과 해변, 스누피가든·오설록 포함 힐링 여행",h001731
696,동부·우도·서귀포 맛집투어 3일,국수·김밥·중식 등 식도락과 우도·서귀포 해변 감상,h001737
697,제주시 애월·용담 2일 미식투어,애월 해안도로 식당·카페 중심 제주 맛집 여행,h001739
698,동서부 맛집·체험 루트 6일,"동부·서부 명소와 맛집, 테마파크 중심 여행",h001742
699,제주시 맛집 위주 3일 루트,공항 인근·애월 중심의 한식·흑돼지·베이커리·일식 맛집 투어,h001744
700,동부 표선·함덕 2일 루트,"표선 해변·리조트 중심, 함덕·맛집 코스",h001750
701,제주시·협재 위주 4일 미식여행,제주시 맛집과 함덕·협재 카페·해산물 중심 루트,h001752
702,제주시·서귀포 맛집투어 2일,제주시·애월·안덕 식당·카페 중심 미식 여행,h001755
703,동부 성산·표선 2일 먹거리 여행,성산·표선 식당·빵집·숙소 중심 미식 루트,h001763
704,서귀포·동부 맛집·관광 루트 2일,"서귀포 시내 위주 음식점과 박물관, 동부 기념품 쇼핑 여행",h001766
705,동부·서부 드라이브 4일 코스,애월·함덕 해변과 식당·카페 위주의 여유 여행,h001767
706,동부 위주 맛집·자연 3일,우도·성산·비자림 중심 자연과 식도락 여행,h001768
707,제주시 동부 맛집·도심 산책 4일,"함덕·김녕 맛집 중심, 제주시 도심 카페·술집·문화 코스",h001771
708,제주 중문·성산 3일 미식여행,해변·관광지 중심에 해산물·고기·분식 골고루 맛보기,h001784
709,서귀포·제주 미식 투어 2일,국수·해산물·고기 중심의 식당 위주 여행,h001788
710,서귀포·제주시 맛집 탐방 3일,"서귀포 중심 식도락 여행, 마지막 날 제주시 맛집·간식",h001789
711,제주시 맛집·포차 중심 3일,애월·한림·구제주 일대 식도락·포차 위주 일정,h001792
712,제주시 동부 맛집투어 3일,연동·이도동 중심 제주시 동부 식도락 여행,h001794
713,제주 중문·서귀포·애월 4일,맛집과 카페·인증센터 골고루 즐기는 일정,h001796
714,동부·서귀포 4일 먹방 위주 루트,중문·서귀포와 동부 해안 카페·식당 중심,h001797
715,제주 동서부 맛집 투어 3일,서귀포·제주시 동선의 한식·패스트푸드 맛집 위주 여행,h001799
716,동서 해안 드라이브 루트 4일,동부·서남부 게스트하우스 숙박과 해변·맛집 위주 여행,h001803
717,서부·중문 위주 3일,"제주 서부·중문 맛집과 카페, 쇼핑·뮤지엄 코스",h001807
718,동서부 식도락 위주 제주 4일,제주시 해장국·식당과 성산·우도 카페·전망 동선,h001810
719,제주시·서귀포 맛집 중심 3일,"전복·해산물과 국수, 분식·카페 위주의 맛집 투어",h001816
720,제주시 맛집·바다 루트 4일,제주시 내 식당·횟집과 바다 명소 중심 여행,h001818
721,제주시 서부 식도락 루트 3일,제주시·한림·한경 위주의 맛집·펜션 중심 여행,h001819
722,제주 동·서귀포 식도락 2일,제주시·서귀포 맛집 위주 현지 식당 투어,h001820
723,제주시 맛집 중심 4일,제주시 일대 국수·해장국·해산물 맛집 탐방 루트,h001824
724,서귀포 중심 맛집투어 루트 3일,중식·카페·해산물·국수 맛집과 서귀포 거리 산책 여행,h001830
725,제주 서부 맛집·전망 명소 1일,애월·한경 해안 풍차·전망대와 식당 위주 코스,h001831
726,제주 서귀포·애월·함덕 맛집투어 4일,"수산·고기·해산물 맛집과 카페, 펜션 위주 일정",h001833
727,제주시 맛집투어 3일,제주시 내 식당·회센터 중심의 미식 여행,h001835
728,서귀포·한림 맛집·카페 2일,"서귀포 맛집과 온천, 한림 카페 중심 여행",h001838
729,제주 동·서부 맛집투어 3일,함덕·표선·용담 일대 식당·간식 위주 여행,h001842
730,제주 동·서부 맛집 중심 3일,제주시·신제주 맛집과 신화월드·카페·동물원 코스,h001843
731,제주시 도심 맛집 위주 3일,"제주시 국수·장어·고기와 카페, 해변 감성까지 즐기는 미식 여행",h001844
732,동서부 맛집 중심 3일,"함덕·월정·서귀포 맛집과 카페, 전망 위주의 여행",h001847
733,제주시 서부·카페 드라이브 3일,제주시 서부 맛집·카페와 해안 산책 중심 여행,h001849
734,동부 성산·우도 위주 3일,성산 숙소·식당과 섭지·우도 해변 중심 여행,h001850
735,동부·우도 중심 먹거리 여행 3일,"서귀포 맛집과 카페, 우도 숙소 포함 식도락 코스",h001853
736,제주시·표선 맛집 위주 3일,제주시 식당·카페와 표선 해변 야식 중심 여행,h001860
737,제주시 카페투어 1일,나우커피 방문 중심의 카페 힐링,h001861
738,제주시·서부 맛집투어 4일,김녕·협재·애월 해변 중심 식당·카페 위주 여행,h001863
739,서귀포 1박2일 맛집·카페 루트,서귀포 카페·레스토랑·칼국수 맛집 중심 여행,h001865
740,제주시·서귀포 맛집 중심 3일,카페·라면·흑돼지·해산물 고루 즐기는 미식 여행,h001873
741,제주시·서귀포 맛집 위주 3일,빵집·한식·횟집과 카페가 섞인 식도락 중심 동선,h001874
742,제주시 맛집투어 3일,제주시 연동·노형 위주 식당·분식·야식 먹방 루트,h001878
743,서귀포 법환·성산 맛집투어 2일,법환·성산 일대 식당·베이커리 위주의 미식 여행,h001883
744,제주시 중심 맛집투어 4일,제주시 일대 분식·빵집·해산물·카페 위주 미식여행,h001889
745,제주시 애월 먹거리 중심 3일,"애월 맛집 탐방과 곽지해수욕장, 시내 카페 디저트",h001898
746,제주시 맛집·분식 중심 3일,제주시 내 분식·치킨·횟집·카페 위주 미식코스,h001903
747,동부 맛집 위주 3일 루트,성산·구좌·함덕 일대 해산물·한식 맛집 중심,h001904
748,제주시 맛집 중심 3일,"제주시 식당, 카페 위주의 미식 여행",h001905
749,제주시·서귀포 맛집투어 3일,제주시 중심 식당·국수·분식과 서귀포 시장·횟집 위주의 미식 여행,h001906
750,제주시·동부·서부 6일 먹방 위주,제주시 중심 식당·카페와 동부·서부 맛집 투어,h001910
751,제주시 동·서부 맛집투어 5일,함덕·협재 중심 식당 위주의 제주시 맛집 여행,h001913
752,제주시 맛집·전시·체험 4일,"제주시 식도락 중심, 전시·테마파크 포함 일정",h001914
753,제주시 애월·시내 맛집 투어 4일,애월 곽지 해변 인근 식당과 제주시내 국수·치킨 위주 미식 여행,h001919
754,제주시·서귀포 3일 먹거리 여행,제주 시내·애월·서귀포 중심 식도락 및 카페 탐방,h001933
755,동부 맛집·카페 투어 3일,함덕·구좌·성산 식당·카페 중심 미식 여행,h001935
756,제주시 서부 맛집·카페 3일,"애월·한림 위주 식도락과 카페, 시내 구경",h001938
757,서귀포 맛집·명소 당일치기 1일,"서귀포 시내 맛집 중심, 이중섭거리·해안 유원지 포함",h001954
758,제주 시내·애월 중심 맛집 루트 3일,"제주시·서귀포 맛집과 카페, 애월 드라이브 위주 여행",h001955
759,제주 동부 맛집 중심 3일 루트,제주시·성산·중문 위주 식당·카페 맛투어,h001959
760,제주 시내·서귀포 미식 4일,제주시·서귀포 국수·고기·해산물 맛집 중심 여행,h001961
761,중문·서귀포·제주시 맛집 위주 4일,"국수·해장국·흑돼지와 카페, 미술관·산책 코스 중심",h001964
762,애월·서귀포·성산·우도 3일,"애월 맛집, 서귀포 흑돼지·카페, 성산·우도 뚝배기와 바다 감성 여행",h001965
763,제주시·서귀포 3일 미식·카페 루트,"해장국 맛집과 카페, 해수욕장·도심 산책 위주의 일정",h001966
764,서귀포·제주시 미식 중심 4일,흑돼지·해산물·로컬맛집 위주의 맛집 투어,h001976
765,동부·애월 맛집·카페 2일,세화·월정·행원 카페와 애월·강정 맛집 위주 여행,h001977
766,동부·중문·한림 맛집 중심 3일,성산·서귀포 맛집과 중문·한림 해산물 먹방 여행,h001978
767,동부·서귀포·제주시 맛집 중점 3일,카페·전망대·흑돼지·분식·해산물 위주의 식도락 여행,h001984
768,제주 동·서 맛집·올레 3일 루트,"제주시 올레·유배길과 맛집, 성산 일대 카페·해산물·갈치조림",h001985
769,제주시·서귀포 시내 맛집·상점 3일,전망 명소와 식당·빵집 중심 도심 여행,h001988
770,제주 서부·서귀포 4일 루트,제주시 맛집·카페와 서귀포 맛집·관광지 위주 여행,h001989
771,제주 서부 맛집투어 4일,제주시·서귀포시 국수·고기·분식 중심 미식 여행,h001991
772,제주시 동부·게스트하우스 3일,제주시 동부 위주 식당·카페·게스트하우스 여행,h001993
773,중문·서귀포·제주시 맛집 카페 3일,"서귀포 식당·산책, 김녕해변과 제주시 맛집·카페 중심",h001999
774,애월·남원 맛집 중심 3일,애월·한림·남원 한식·해산물 맛집 위주 여행,h002000
775,동부·제주시 맛집 중심 2일,성산·우도·노형 일대 한식·고기·국수 맛집 투어,h002005
776,제주시 동부·우도·애월 맛집투어 4일,현지 맛집·뷔페·오마카세와 카페 위주 여행,h002006
777,도심·남원·한경 맛집 루트 3일,"제주시·서귀포시 식당·빵집, 남원 펜션 숙박 중심",h002007
778,제주시 애월·한림 맛집 3일,애월·한림 해변 카페와 버거·분식 위주 미식 여행,h002014
779,제주시·성산 맛집 중심 2일,성산·우도·제주시 일대 식도락 위주 루트,h002018
780,중문·서귀포 위주 5일 맛집여행,"중문·서귀포 식당과 카페, 해변·공연 중심 일정",h002027
781,제주시·애월 미식투어 3일,제주시 해물·고기·중식과 애월 카페·노천탕 중심,h002028
782,동부·서귀포·애월 맛집 투어 3일,"동부 조천·구좌 중심의 맛집·카페와 서귀포 레스토랑, 애월 미디어아트 관람",h002029
783,서부 맛집·카페 4일 루트,"애월·한림·안덕 위주 맛집과 카페, 펜션 휴식 여행",h002032
784,제주시 맛집·카페 중심 3일,구좌·조천 위주 맛집·카페와 한라수목원 코스,h002035
785,동부·서귀포 4일 가족 여행,신화월드·동부 관광과 맛집·카페 중심 일정,h002037
786,제주시 서부 맛집·카페 4일,"협재·애월 맛집과 카페, 숙소 위주 코스",h002039
787,동부 함덕·성산·우도 맛집·카페 3일,해변 감상과 우도·성산 중심의 식당·카페 위주 여행,h002040
788,서귀포·제주시 서남부 4일 루트,"신화월드·워터파크 중심, 해변·맛집·숙소 골고루",h002042
789,제주시 미식·카페 중심 3일,"제주시 내 국수·칼국수 맛집과 카페, 뷔페·고기 식사 위주의 루트",h002044
790,제주시 도심·맛집 투어 3일,제주시 애월·원도심 위주 전시·카페·맛집 여행,h002046
791,서귀포·제주시 문화·카페 2일,"서귀포 흑돼지와 카페, 미술관 중심 힐링여행",h002048
792,제주 서귀포·제주시 맛집투어 3일,"서귀포·제주시 식도락 중심, 카페·산책 포함",h002050
793,제주시·서귀포 맛집 위주 3일,제주시 중심 식당·카페와 서귀포 해산물 맛집 탐방,h002053
794,제주 미식투어 4일,제주시·서귀포 맛집 중심 식도락 일정,h002083
795,동·서부 먹거리 중심 3일,"제주시·서귀포 맛집과 카페, 해변·산책 코스 위주 일정",h002084
796,제주시 동서부 맛집·카페 3일,스누피가든·함덕해변 감상과 제주시 맛집 중심,h002087
797,4일 제주 동·서부 먹킷리스트,제주시·서귀포시 골고루 도는 맛집·카페 위주 여행,h002090
798,제주시 동선 맛집투어 3일,제주시 내 감자탕·양꼬치·한식·카페·포차 위주 맛집 여행,h002091
799,제주 동선 넓은 먹방·카페 3일,"제주시·서귀포 시내 맛집과 카페, 박물관·유원지 포함한 식도락 중심 여행",h002092
800,제주시 맛집·카페 중심 3일,"용담·구좌 맛집과 카페, 전시·공연까지 즐기는 일정",h002095
801,동서부 먹깨비 제주 4일,"연동·공항 인근 식당, 동부 바다 카페·해산물, 서귀포 맛집과 박물관, 서부 협재·애월 흑돼지·해산물 위주",h002099
802,제주시 애월 맛집·카페 4일,"연동·애월 맛집과 카페, 한담해변 중심 일정",h002100
803,제주시·서귀포 맛집탐방 1일,도서관 구내식당과 카페·갈치·장어 맛집 위주 코스,h002101
804,서귀포·제주시 맛집·전시 루트 3일,"서귀포 맛집과 박물관, 해변 산책·카페 여행",h002107
805,동부·제주시 예술·바 2일,성산·제주시 카페·갤러리와 혼술 바 위주 여행,h002111
806,중문·성산·애월 맛집 중심 3일,애월·중문·성산 위주 맛집과 펜션 숙박 여행,h002113
807,제주시 맛집 중심 4일 루트,제주시 내 고기·국수·회·카페 맛집 위주 여행,h002114
808,중문·우도 2일 루트,서귀포 맛집·자연 명소 후 우도 카페·맛집 코스,h002119
809,제주 동·서부 먹방 3일,제주시 맛집과 성산 일대 흑돼지·카페·해변,h002125
810,동서부 맛집·카페 루트 3일,제주시 공연·맛집과 동서부 카페·티뮤지엄 위주 여행,h002129
811,제주시·성산 맛집투어 3일,"제주시 중심 식당 위주, 성산 해산물 맛집 방문",h002130
812,동·서·서귀 서부 액티비티 미식 3일,"레일바이크·카트·랜드 체험과 흑돼지·국수·해물 맛집, 베이커리 카페·떡 디저트 여행",h002132
813,동부 맛집·카페 투어 2일,"조천·구좌 맛집과 카페 중심, 마지막날 서귀포 식도락",h002133
814,서귀·제주 시내맛집 위주 3일,"서귀포 시내 중심 식당·카페와 패스트푸드, 프렌차이즈 위주의 간단 먹킷리스트 여행",h002138
815,제주시 동부 맛집·바다 3일,제주 시내 식당·횟집과 월정·함덕 해변 산책,h002139
816,제주시·서귀포 시내 맛집투어 3일,"샤브샤브, 흑돼지·곱창, 분식과 카페, 미술관 감성 여행",h002140
817,제주시 맛집·카페 3일 루트,"공항 인근 맛집·분식, 카페·베이커리와 해수욕장, 영화관 즐기는 도심 위주 여행",h002145
818,제주 3일 맛집 위주 루트,구좌·성산·한림·노형까지 식도락 여행,h002150
819,제주 동·서부 5일 힐링 루트,"제주시 맛집·카페와 서귀포 숙소, 자연휴양림 중심 여유 여행",h002163
820,제주 서부 맛집·카페 3일,곽지·한림·신창 위주 맛집·카페·오름·쇼핑,h002165
821,"제주 1일, 동부 해양체험 코스",성산 해양체험과 제주시 식도락 중심 일정,h002167
822,남부·제주시 도심 문화·맛집 1일,서귀포 박물관·맛집 후 제주시 공연·떡 체험,h002170
823,동부 맛집·카페 3일 루트,구좌·함덕 해변 산책과 맛집·카페 중심 여행,h002178
824,제주 동서맛집·올레길 루트 4일,제주시·서귀포 맛집 탐방과 올레길·해변 위주 여행,h002182
825,동부·서귀포·서부 일주 미식 루트 4일,해산물·흑돼지 맛집과 해변·카페 중심 코스,h002183
826,서귀포 시내 맛집 탐방 1일,보목·서홍·서귀동 중심 해산물·분식 맛집 코스,h002184
827,서귀포 중심 4일 미식·온천 여행,"공항 인근 맛집, 서귀포 고기·빵집과 카페, 리조트 스파로 즐기는 힐링 여행",h002195
828,제주시 이호일동 당일 바다여행 1일,이호해수욕장·리조트·카페·횟집 중심 코스,h002196
829,서귀포·제주시 맛집 중심 2일,JW메리어트 제주 식당과 해장국 위주의 미식 여행,h002198
830,제주시 맛집·카페 위주 4일,제주시 한 식당·해장국·해물·뷔페 중심 먹방 여행,h002199
831,제주시 동부·우도 중심 5일,"동문시장·구제주 맛집과 월정리·우도·함덕 해변, 체험파크 포함",h002203
832,제주시·서귀포·우도 동서핵심 5일,맛집 중심에 우도·해변·조각공원 포함한 드라이브 여행,h002208
833,제주 서남부 맛집탐방 3일,제주시·가파도 중심 해장국·국수·중식 위주 미식 루트,h002209
834,제주 서귀포 5일 미식·카페·액티비티,"애월·협재·중문·성산 위주 맛집, 카페, 레포츠 즐기는 일정",h002246
835,서귀포 시내 중심 5일,"서귀포 시내 맛집·시장과 가파리 숙소, 아쿠아플라넷·미술관 포함 알찬 여행",h002249
836,동부·우도·애월·중문 3일,맛집·카페 중심에 우도·올레길·유적지 포함 루트,h002251
837,중문·서귀포·함덕 4일 맛집&숙소,"중문·서귀포 숙소와 맛집, 함덕 흑돼지·칼국수 위주 여행",h002254
838,제주 동서부 맛집투어 3일,국수·흑돼지·갈치 등 식도락 중심 여행,h002255
839,제주 동서남북 맛집·카페 4일,제주시·서귀포 골고루 둘러보는 맛집·카페 중심 여행,h002263
840,동부·서귀포 3일 미식·관광 여행,제주시 동부 맛집과 서귀포 숙소·볼거리 중심,h002265
841,제주시·서귀포 맛집투어 4일,제주시 중심 식당·해장국·곱창 위주 맛집 여행,h002277
842,제주시·중문 위주 2일 먹방·펜션 여행,해산물·고기·국수 맛집과 캠핑·대가족 펜션 중심 일정,h002283
843,제주시 맛집투어 4일,제주시 한식·고기 위주의 식도락 여행,h002285
844,제주 동서남북 먹방·전시 루트 5일,"국밥·해산물 맛집과 카페, 전시·빛의쇼 중심 여행",h002291
845,제주 동부·서귀포 맛집 3일,함덕·성산·서귀포 위주 맛집과 카페 여행,h002293
846,동부·서부 맛집·바다 2일,해장국·고기·라면과 애월·협재·도두 바다 드라이브,h002295
847,제주시 도심 맛집·전망 루트 1일,"일식과 패스트푸드, 전망 명소를 도는 도심 코스",h002296
848,제주시 도심 식도락 1일,제주시 맛집과 서귀포 해장·해물 식당 위주 루트,h002297
849,제주시 애월 2일 감성 맛집투어,애월 카페·식당 위주의 여유로운 여행,h002300
850,제주 동·서부 먹킷리스트 5일,제주시 중심 맛집·흑돼지·바베큐와 동부 올레·스팟 위주,h002302
851,서부 협재·안덕 위주 5일,"협재·금능 해수욕과 맛집, 박물관·테마파크 중심 여행",h002308
852,제주시 서부·애월 4일 루트,"옹포·판포 맛집과 애월 카페, 미술·체험 위주 여행",h002310
853,제주시 도심 맛집·거리투어 3일,제주시 중심 숙소·식당 위주 도심 먹거리 여행,h002311
854,서귀포 맛집·중문 관광 3일,서귀포 흑돼지·국수 위주 맛집과 중문·색달 해변·천제연 관광,h002316
855,제주시·우도·성산 동부 루트 3일,카페·디저트와 우도·성산일출봉 중심 일정,h002318
856,함덕·김녕 동쪽 바다 식도락 4일,함덕·월정·김녕 해변 산책과 맛집 위주 여행,h002322
857,동부·서부 먹거리 중심 2일,월정·성산 맛집과 제주시·애월·한림 식당·시장 투어,h002327
858,제주 동서미식·온천 4일,"제주시·서귀포 식당 위주, 온천·서커스·한라산·해안 감성 여행",h002328
859,제주 서귀포 맛집·올레길 3일,서귀포 올레길 걷고 감자탕·한식·초밥·카페 즐기기,h002331
860,서귀포·제주시 맛집투어 2일,흑돼지·갈치·국수 등 현지 식당 중심 여행,h002334
861,서귀포·제주시 맛집투어 2일,"서귀포 위주 식당·카페, 마지막에 제주 시내 맛집 방문",h002335
862,제주시 맛집투어 3일,제주시 내 한식 위주 맛집·디저트 코스,h002336
863,제주 동·서귀포 감성 전시·호캉스 3일,전시 감상과 서귀포 호텔·맛집·카페 중심 여행,h002338
864,서귀포·애월 맛집 카페 루트 2일,서귀포 맛집과 애월·용담 카페 거리 위주 일정,h002341
865,동부·서부 맛집 위주 4일,"성산·협재·애월 맛집과 카페, 해변 감성 여행",h002345
866,서귀포·제주 시내 먹거리·전시 5일,서귀포·제주시 위주의 식당 탐방과 전시·문화공간 여행,h002347
867,동부·서귀포 위주 먹거리 2일,"성산·안덕 맛집과 리조트, 테마파크 여행",h002349
868,제주시 맛집·예술 탐방 2일,제주시 해산물·흑돼지 맛집과 갤러리·예술공간 위주 여행,h002352
869,제주시 동부 맛집·카페 3일,애월·함덕·세화 일대 식도락 중심 여행,h002354
870,제주 시내·서귀포 맛집투어 3일,흑돼지·국수·분식·베이커리 중심 미식 여행,h002356
871,동부·서귀포·서부 맛집 4일,동부·서귀포·서부 맛집·카페 위주의 식도락 여행,h002358
872,서귀포 서부·애월 2일 먹방 루트,"서귀포 카페·맛집과 애월 빵집·치킨, 해변 산책",h002367
873,서부 맛집·카페 루트 1일,애월·사계 위주의 식당·카페·빵집 여행,h002371
874,동부·우도 중심 맛집투어 3일,"제주시 출발, 성산·우도·서귀포 맛집 및 해변 위주 여행",h002376
875,제주 동서부 먹방·카페 3일,"제주시·애월·중문 위주 맛집과 카페, 오락 여행",h002378
876,제주시·성산 맛집 위주 4일,국수·스시·고기·카페 골고루 즐기는 미식여행,h002379
877,제주 서귀포·애월 맛집 카페투어 3일,"횟집·로컬식당과 카페, 미술관·인증명소 중심 동선",h002381
878,동부·우도 중심 맛집·트레킹 3일,우도·성산·서귀포 맛집과 해변·올레 위주 일정,h002385
879,제주시 동북부 맛집투어 4일,함덕 중심 식당·횟집·고기 맛집 위주의 미식 여행,h002387
880,제주시 1박2일 맛집·체험 루트,"애월 흑돼지·횟집, 제주시 한식 맛집과 9.81파크 체험 중심",h002389
881,서귀포 맛집·자연 힐링 3일,서귀포 분식·한식 위주 맛집과 계곡·수목원 자연감상 여행,h002395
882,제주 동서 맛집·카페 루트 4일,"공항 인근 맛집과 해산물, 해장국·분식 위주의 식도락 여행",h002396
883,제주 시·서귀포 식도락 4일,성산·애월·한경·안덕 맛집과 야경·공연 중심 여행,h002406
884,제주시·동부·서부 맛집 루트 3일,우도·협재·성산 중심 식당·카페 위주 일정,h002412
885,서부·제주시 카페 간식 루트 1일,꽈배기·감성 카페 위주의 간단 먹거리 여행,h002416
886,제주시 서부 펜션·맛집 위주 2일,"애월·협재 맛집과 펜션, 해수욕장 중심 여행",h002421
887,서귀포 동부 먹킷리스트 3일,표선·남원 식당과 해변·자연공원 위주의 여행,h002423
888,제주시 시내 맛집 위주 3일,신제주 중심 식당·뷔페와 한림읍 한식 방문,h002428
889,제주시 맛집 탐방 1일,애월·한림·도심 식당·베이글 위주 먹거리 여행,h002433
890,동부·중문 맛집 카페투어 3일,함덕·김녕·우도·성산·중문 맛집과 카페 중심 일정,h002435
891,제주시 도심·서부 맛집 문화 3일,"제주시 미식 중심, 카페·박물관·갤러리 감상 여행",h002442
892,동부·서귀포 맛집 중심 3일,"성산·서귀포 맛집과 카페, 바다 전망 식당 위주 여행",h002444
893,중문·애월·함덕 3일 미식여행,"맛집·카페 중심, 서귀포·애월·함덕 위주의 식도락 코스",h002448
894,제주시 맛집투어 3일,제주시 전역 식당·카페 중심 미식 여행,h002449
895,제주시 동서부 맛집·카페 4일,함덕·건입·한림·애월 맛집 중심 여유 여행,h002452
896,동부 야식 맛집 루트 1일,성산·제주시 포차·해산물·치킨 야식 투어,h002454
897,제주 동서부 맛집 위주 4일,제주시 중심 식당·카페와 서귀포 액티비티,h002466
898,동부·중문·박물관 포함 4일,"표선·중문 맛집과 체험, 박물관 포함 알찬 여행",h002474
899,서부 맛집·펜션 루트 4일,한경·협재·애월 위주 식당·숙소 중심 여행,h002476
900,제주 동·서부 맛집 위주 4일,제주시·성산·서귀포 음식점 중심 미식 여행,h002477
901,동부·성산 중심 5일 루트,"성산일출봉·해수욕장·카페와 식당, 간식 투어",h002481
902,동부 성산·함덕 중심 3일,"성산·표선 맛집과 함덕 카페, 레저 체험 위주 일정",h002486
903,서귀포·애월 맛집투어 2일,서귀포 카페·관광 후 협재·애월 맛집 중심 여행,h002489
904,제주 전역 먹킷리스트 5일,"제주시·서귀포 맛집, 해산물·고기·카페 중심 여행",h002492
905,제주시·서귀포 미식투어 2일,제주시 맛집과 서귀포 빵·고기 위주의 먹방 여행,h002493
906,제주 동·서부 먹거리 중심 4일,제주시·서귀포 전역 식당과 해변 위주 맛여행,h002496
907,서귀포 신화월드·박물관 루트 2일,신화월드·동물원·항공우주박물관 중심 코스,h002498
908,제주시 동부 식도락 3일,대게·흑돼지·한식·버거 위주 맛집 여행,h002502
909,제주시 맛집·카페 루트 2일,협재 카페·식당과 제주시 고기·디저트 중심 여행,h002503
910,동부 맛집·카페 위주 5일,"성산·구좌·함덕 중심의 맛집과 카페, 국수·흑돼지·베이글 즐기는 동부 위주 식도락 여행",h002504
911,서부 맛집 중심 4일,애월·협재·서귀포·용담 일대 식당 위주의 미식 여행,h002509
912,제주 서부·동부 먹킷리스트 4일,애월·한림·서귀포 맛집과 카페 중심 여정,h002513
913,제주시 서부 맛집·카페 루트 3일,협재·애월 해변 맛집과 카페 위주의 여유 일정,h002525
914,서부·중문 맛집·카페 중심 4일,"애월·한림 카페와 중문 맛집, 박물관·식물원 코스",h002527
915,제주 동·서부 맛집 위주 4일,제주시·서귀포 시내 중심의 식당·카페 맛투어,h002530
916,제주시 맛집·김녕 관광 3일,제주시 중심 맛집 탐방과 김녕 해변·미로공원 관광,h002533
917,제주시 동·서부 맛집 위주 4일,"제주시 일도·연동 식당과 동부 해수욕장, 서부 애월·협재 맛집 중심",h002537
918,제주시 맛집투어 루트 2일,"제주시 내 고기·횟집과 시장, 쇼핑 위주의 여행",h002539
919,서부·동부 맛집투어 3일,협재·평대·함덕 등 해안가 음식 위주의 맛집 여행,h002540
920,제주 동서부 먹거리·산책 4일,협재·한림·서귀·중문·함덕 맛집과 산책 코스 중심 여행,h002544
921,제주 동서 음식투어 4일,"제주시·서귀포시 위주 맛집과 흑돼지, 해산물 중심 식도락 여행",h002545
922,제주시 맛집·카페 중심 4일,"제주시 식당·분식 위주, 서귀포 박물관·카페 포함한 여유 여행",h002548
923,동부·서귀포·서부 알찬 맛집 3일,동부 해변 카페와 서귀포·서부 위주 맛집 탐방,h002549
924,제주시·서귀포 맛집 중심 4일,해장국·갈비·중식·할랄 등 식도락 여행,h002550
925,동부·서귀포 위주 5일 코스,"성산·서귀포 맛집과 카페, 산책·전망 위주의 일정",h002552
926,제주시 시내 미식투어 4일,제주시 카페·한식·뷔페·분식 위주의 미식 여행,h002555
927,제주시 맛집·숙소 위주 4일,"제주시 내 국밥·해물라면·흑돼지와 펜션, 게스트하우스 중심 루트",h002556
928,제주 동서부 맛집·테마파크 4일,닭갈비·한식 맛집과 월정리·신화월드 중심 코스,h002564
929,동·서부 맛집·카페 중심 3일,제주시·서귀포시 일대 식당·카페·해안 드라이브,h002565
930,제주 동·서부 맛집투어 3일,제주시·서귀포시 맛집과 카페 중심 루트,h002570
931,동부·서귀포 3일 소도시 힐링,표선·성산 위주 자연·전망과 이색 박물관 여행,h002577
932,서귀포 중심 3일 미식 숙소 루트,흑돼지·갈치·해장국과 게스트하우스·호텔 위주 여행,h002585
933,서귀포 중문 맛집투어 4일,중문·서귀 일대 한식·국밥·고기 위주 식도락 여행,h002587
934,제주 동서 맛집·리조트 3일,"제주시·서귀포 식당과 패스트푸드, 리조트 물놀이 중심",h002588
935,서귀포 안덕면 키즈펜션·체험 1일,키즈펜션과 산방산 인근 가족 체험 위주 루트,h002592
936,서귀포·제주시 맛집 탐방 2일,서귀포 중심의 해산물·고기 위주 식도락 여행,h002597
937,동부 함덕·구좌 맛집 카페 4일,"함덕·구좌 맛집과 카페, 스누피가든 중심 동부 여행",h002604
938,동부 맛집투어 루트 3일,제주시·구좌·성산 일대 식당 중심 미식여행,h002608
939,동부 성산·제주시 1일 루트,"성산 올레길·수족관과 맛집, 제주시 산책",h002610
940,제주시·서귀포 맛집탐방 4일,"식당·카페 중심의 동선, 시내 위주 먹거리 여행",h002611
941,제주시 동부·성산 맛집투어 3일,월정·김녕·함덕·성산 해산물 중심 식도락 여행,h002617
942,제주시 맛집 위주 3일,제주 시내 식당·횟집·해장국 중심 미식 여행,h002618
943,제주 동·서부 맛집·카페 루트 4일,제주시·성산·중문 중심의 식당·카페·숙소 위주 여행,h002625
944,중서부 맛집 위주 5일,제주시·서귀포시 한식 맛집과 카페 탐방 루트,h002629
945,동·서귀포 맛집 중심 4일,"서귀포 위주 식당·카페, 동부 감성 숙소 포함 식도락 여행",h002631
946,제주시·서귀포 시내 맛집투어 4일,고기·회·중식·빵·카페와 시내 관광 중심 일정,h002632
947,제주시·서귀포 맛집·카페 루트 3일,협재·한경·중문 중심의 카페·식도락 여행,h002633
948,서귀포·애월·조천 미식 루트 4일,"흑돼지·갈치·국수와 카페, 오설록 티뮤지엄 즐기는 코스",h002641
949,동부 맛집·카페 중심 4일,제주시 맛집과 동부 카페·게스트하우스 위주의 여유 여행,h002653
950,제주시·서귀포 3일 미식·카페 여행,"흑돼지 맛집, 중문 관광지, 애월 카페와 베이커리 중심 코스",h002656
951,제주시 위주 3일 미식·힐링 여행,"제주시 맛집과 카페, 호텔 뷰맛집·테마파크·산책로 중심",h002657
952,제주시·표선 숙소 중심 2일,"제주시 숙소와 식당, 표선 펜션 포함 휴식 여행",h002658
953,동서부·중문·한림 4일 루트,"우도·동부 맛집과 카페, 중문·한림 관광·흑돼지 중심",h002659
954,동부 먹거리 중심 4일 루트,"성산·구좌 위주 맛집·카페, 수산시장 방문",h002665
955,서부 맛집·카페 중심 3일,"한림·애월 카페와 맛집, 호텔뷔페·베이커리 위주",h002667
956,서부·제주시 맛집 위주 3일,애월·한림·서귀포·제주시 맛집 중심 식도락 여행,h002684
957,서귀포 서부 맛집·카페 2일,누바비치 등 서귀포 카페·식당 위주 여행,h002686
958,제주시·서귀포 핵심 5일 루트,제주시 맛집·카페와 서귀포 체험·민속촌·해변 중심,h002694
959,제주시 중심 카페·맛집 3일,"제주시 일대 카페, 음식점, 해수욕장·펜션 위주 코스",h002701
960,제주 동서남북 알찬 먹킷리스트 5일,"제주시·서귀포 맛집 중심, 테마파크·전망대·호텔까지 골고루 즐기는 코스",h002713
961,제주 동서남 로컬맛집·힐링 4일,국밥·흑돼지·해산물과 해변·중문 호캉스 중심,h002721
962,동부·우도·중문 루트 3일,우도 맛집·성산일출봉·중문 자연·도심 카페·박물관,h002723
963,제주 4일 미식·테마파크·전시 루트,"제주시 맛집·카페와 스누피가든, 신화월드·박물관 중심 일정",h002726
964,동·서부 맛집·카페 4일 루트,"제주시·성산·애월 위주 식도락과 카페, 실내관광",h002730
965,중북부·서부 드라이브 루트 3일,맛집·빵집 들러 중문·신창·사계 드라이브 여행,h002733
966,제주시 맛집투어 루트 1일,제주시 국수·해장국·베이글·고기구이·카페 위주,h002734
967,동부·서귀포·함덕 4일 루트,해변·맛집·시장·미술관 고루 즐기는 여유 여행,h002751
968,제주 동서남 맛집·카페 6일,"제주시·중문·우도 중심 맛집과 카페, 해변·자연 관광 루트",h002768
969,동부·서귀포 중심 가족여행 4일,"성산·우도 맛집과 카페, 박물관·야영장 포함 알찬 일정",h002771
970,서귀포·제주시 남부 맛집투어 4일,서귀포 중심 맛집· 카페· 펜션 위주의 남부 여행,h002778
971,서귀포·제주시 미식투어 2일,서귀포 맛집·시장과 제주시 국수·해산물 중심 여행,h002779
972,동부 맛집투어 3일,함덕·성산·구좌 중심 맛집 위주 일정,h002784
973,동부 감성맛집 1일 루트,"성읍·성산 감성 카페와 갤러리, 제주시청 맛집 방문",h002785
974,동부·제주시 맛집·카페 5일,함덕·성읍·우도·제주시 중심 맛집·카페 위주 여행,h002792
975,제주시 서부 미식·카페투어 4일,"애월·한림 맛집과 카페, 해변 산책 중심 여유 여행",h002795
976,서귀포·제주시 미식투어 3일,중문·안덕 맛집과 제주시 국수·베이커리 중심 여행,h002796
977,제주시 동서 맛집투어 3일,"제주시 일대 식도락 중심, 해변 카페·흑돼지·칼국수 맛집 탐방",h002809
978,1박2일 동부 맛집·해변 루트,성산·우도 맛집과 함덕해변 중심의 일정,h002815
979,제주시·표선 3일 먹방·바다 루트,"함덕·구좌 맛집과 카페, 해변·올레 걷기 중심 여행",h002819
980,제주시 맛집 위주 4일,제주시·애월·중문 중심의 한식·고기 식도락 여행,h002820
981,제주시 서·동부 맛집투어 2일,협재·함덕 위주 식당과 카페 중심 루트,h002832
982,성산·구좌 동부 맛집·카페 3일,"성산일출봉 주변 카페, 식당, 바다 산책 위주의 동부 여행",h002838
983,제주시 카페·맛집·공연 3일,"제주시 카페·빵집과 연극, 올레길·맛집 중심 일정",h002840
984,동부·애월·협재 맛집투어 3일,아쿠아플라넷 포함 동부 관광과 애월·협재 숙소·맛집 중심 여행,h002842
985,제주 동·서부 맛집 위주 4일,"제주시·서귀포시 맛집과 카페, 바다 드라이브 동선",h002843
986,제주시·서귀포 5일 미식·카페 루트,제주 도심 맛집과 신화월드·오설록 중심 미식 여행,h002845
987,제주 동서남 맛집·관광 3일,"제주시·서귀포 카페, 고기·해산물 맛집과 표선·성산 관광",h002847
988,서귀포 3일 미식 중심 루트,호텔 조식과 한식·분식·고기 위주의 서귀포 맛집 투어,h002854
989,제주시·서귀포 3일 먹거리 온천 루트,맛집·빵집·떡집 위주에 온천 힐링 포함 일정,h002865
990,동부·서귀포 맛집 중심 3일,애월·성산·서귀포 맛집과 게스트하우스 위주 일정,h002866
991,제주 서부·서귀포·동부 맛집 4일,현지 식당·흑돼지·카페 중심의 미식 여행,h002868
992,동서반도 식도락 중심 4일,제주시·서귀포시 전역 맛집 위주 식도락 여행,h002873
993,서귀포·제주시 미식투어 2일,서귀포 맛집 중심에 박물관·식당·카페 포함한 루트,h002884
994,서귀포·동부 맛집 중심 3일,"서귀포 맛집과 카페, 동부 액티비티·펜션 여행",h002889
995,제주시 도심·동부 드라이브 3일,맛집·해수욕장·산책 위주의 도심 근교 여행,h002899
996,서귀포·제주시 먹방 루트 3일,김밥·떡·해장국·라면 중심의 맛집 위주 여행,h002905
997,서귀포·제주시 미식 중심 2일,흑돼지·해산물·호텔식 위주 먹방 여행,h002908
998,서귀포 맛집 중심 3일 루트,서귀포 일대 식당·카페 위주의 미식여행,h002913
999,동서부 먹거리·체험 루트 4일,해안 드라이브와 우도·성산 위주 맛집·체험 여행,h002916
1000,제주시·서귀포 맛집 중심 3일,한식·흑돼지·분식·베이커리 위주 미식 여행,h002921
1001,제주시 동부 맛집·카페 4일,김녕·함덕 해안 중심 식도락·카페 여행,h002927
1002,서부·제주시 맛집·카페 3일,"제주시·서부권 위주 맛집과 카페, 전시 감성 여행",h002934
1003,제주시·애월 맛집 2일 루트,제주시·애월 음식점 중심의 식도락 여행,h002941
1004,동·서부 맛집 중심 4일,제주시·성산·서귀포 맛집과 카페 위주의 식도락 여행,h002944
1005,동서 균형 4일 시내·성산 루트,제주시 맛집·박물관과 서귀포 성산 카페·해변 위주,h002945
1006,제주시 동부·서귀포 동부 맛집 5일,함덕·표선·남원 위주 맛집·힐링 여행,h002948
1007,제주시·성산·구좌 맛집 4일,횟집·식당·치킨 등 식도락 중심 루트,h002955
1008,동·남·우도 4일 루트,"서귀포 맛집·카페, 워터파크와 우도·성산·제주시 카페·국수 여행",h002964
1009,서귀포·제주시 미식투어 3일,맛집·카페 중심의 서귀포·제주시 먹방 여행,h002973
1010,동부·서귀포 맛집 중심 3일,성산·서귀포 위주 식도락과 계곡·미디어아트,h002976
1011,제주시·애월·함덕 4일 미식여행,국밥·전복·흑돼지와 해변 카페 위주 코스,h002977
1012,제주시 서부 맛집투어 루트 3일,협재·한림 중심 식당·카페 위주의 먹방 여행,h002982
1013,서귀포 안덕 카페·맛집 1일,제주신화월드 맛집과 오설록 인근 카페·식당 방문,h002985
1014,동부·우도 중심 3일 루트,구좌·성산 숙소와 우도·카페·맛집 위주의 일정,h002994
1015,제주 동서부 3일 소도시 맛집 투어,"우도·서귀포 숙소와 카페, 식당 중심의 여유 여행",h002995
1016,서귀포 중심 먹킷리스트 2일,서귀포 맛집·시장·카페 위주의 미식 여행,h003006
1017,동부 위주 맛집·카페 4일,제주시·성산·우도 중심 식당·카페·해변 루트,h003009
1018,서귀포·애월 3일 먹킷리스트 여행,신화월드·중문·애월 맛집 중심의 식도락 코스,h003012
1019,서귀포·제주시 미식투어 2일,서귀포 중심 식당·빵집 + 제주시 맛집·전시 관람 루트,h003019
1020,동부 성산·우도·세화 3일,성산일출봉·우도·세화해변 중심 맛집·카페 여행,h003024
1021,제주 동·서부 맛집 위주 3일,협재·애월·서귀포 중심 맛집 탐방 루트,h003036
1022,제주시 서부 먹거리·액티비티 4일,"한림·협재·애월 맛집과 카페, 공원·테마파크 여정",h003038
1023,제주시 맛집 탐방 루트 1일,제주시 한림·연동·동문 일대 음식 위주,h003039
1024,제주시 동부·도심 카페맛집 4일,카페·해변 인증센터·공항 인근 맛집 중심 일정,h003042
1025,서부 맛집 중심 4일,협재·애월·서귀포 위주의 서부 맛집 투어,h003056
1026,서·동부 맛집 위주 4일 루트,애월·곽지·함덕·동부 중심 식도락 여행,h003057
1027,동부 구좌·성산 중심 5일 루트,"구좌·성산 동부 맛집·카페와 올레길, 제주시 식도락 여행",h003058
1028,서귀포·제주시 맛집 위주 4일,현지 식당·분식·해장국 등 먹방 중심 여행,h003082
1029,제주시 동·서부 맛집투어 3일,동문시장·협재·연동 위주 식당·카페 여행,h003092
1030,제주시 서부 먹거리 루트 1일,해물라면·슈퍼 방문 중심 소박한 먹거리 여행,h003094
1031,제주시·서귀포 맛집투어 3일,중식·한식·양꼬치·초밥 등 식도락 여행,h003096
1032,제주 동·서귀포 식도락 4일,제주시·서귀포 중심 맛집과 야간 올레·산책 코스,h003101
1033,서부·동부·서귀포 도심 3일,"애월·한림 숙소·카페와 맛집, 서귀포 자연·산책 위주",h003111
1034,동부 우도·성산 미식투어 4일,세화·우도·성산 동선의 식당·카페 미식 여행,h003116
1035,제주 서귀포·제주시 맛집 루트 4일,전 일정 해장국·흑돼지·갈치·브런치 맛집 중심 여행,h003120
1036,제주시·서귀포 미식투어 3일,해장국·곱창·고기·해산물·분식·패스트푸드 중심 먹방 여행,h003121
1037,서귀포 먹거리·리조트 루트 3일,돈까스·한정식·분식과 리조트 휴식 중심 여행,h003123
1038,제주 맛집 위주 5일 루트,제주시·서귀포시 전역 식당·카페 중심 미식 여행,h003127
1039,동부/서귀포 4일 먹거리·관광,"성산·서귀포 중심의 식당·카페와 아쿠아플라넷, 카멜리아힐 관광 위주 여행",h003135
1040,서귀포·애월 맛집 위주 3일,서귀포 신라호텔 중심 식도락과 애월 카페·흑돼지,h003136
1041,서부·서귀포 동부 4일 루트,"감성 숙소·카페와 서귀포 맛집, 허브동산·리조트 중심 여행",h003140
1042,제주시 맛집·카페 루트 2일,우도·협재·애월 중심 식당·카페 위주 여행,h003142
1043,동·남부 식도락 루트 3일,"현지 식당과 국수, 카페·수퍼 들르는 미식 중심 일정",h003144
1044,서귀포·제주 서부 4일 루트,"서귀포 시내 식당·카페와 쇠소깍·성산, 금능·모슬포 해변 드라이브 중심",h003148
1045,서귀포·제주 시내 맛집 위주 2일,"중문·안덕 맛집과 박물관, 시내 한식당 방문",h003159
1046,제주 동서횡단 맛집·카페 4일,애월·서귀·성산 중심 식당·카페·전시 위주 여행,h003169
1047,제주시·성산 일출 명소 맛집 3일,"제주시 숙소 중심, 협재·애월·성산 일출과 해산물·고기 맛집 위주의 여행",h003190
1048,제주시 동부 맛집 중심 3일,함덕·구좌 식당과 카페 위주의 미식 여행,h003191
1049,제주시·서귀포 맛집투어 3일,제주시·서귀포 한식·고기·회 위주의 식도락 여행,h003195
1050,중문·서귀포 맛집투어 3일,제주시-서귀포 이동하며 맛집·카페 중심 여행,h003197
1051,제주시·애월·서귀포 맛집투어 3일,제주시 중심 식도락과 애월·도두 드라이브 여행,h003204
1052,제주 동서부 식도락·카페 4일,"제주시·서귀포시 맛집 중심, 카페·체험 곁들이는 여행",h003217
1053,서귀포 먹거리 중심 4일 루트,"서귀포 맛집·식당 위주, 애월 버거·고기 포함 먹방여행",h003218
1054,제주시·서귀포 미식투어 3일,현지 식당·분식·빵집 위주의 먹방 여행,h003219
1055,제주 동서부 맛집·카페 4일,"연동·애월·중문·성산·구좌 중심 맛집과 카페, 해변·전망대 코스",h003223
1056,서귀포 시내·동부 맛집투어 3일,서귀포 시내·남원·표선·안덕 한식·국수·카페 중심,h003243
1057,제주 도심 카페·상점투어 1일,"서귀포·제주시 카페와 키즈카페, 편집숍 위주 동선",h003263
1058,제주 동서 귀여운 맛집·전시 1일,서귀포 전시 후 제주시 말·식당 즐기는 루트,h003264
1059,서귀·제주 서부 맛집투어 1일,대정·안덕·노형 동선의 디저트·푸드 위주,h003265
1060,동부 성산·세화 식당·카페 1일,성산·세화 일대 식당과 카페 위주 동부 여행,h003266
1061,제주시 서부 맛집투어 1일,한림 해안가 한식·분식·장어 맛집 위주 코스,h003267
1062,남원·연동 맛집 위주 1일,남원 포구식당·분식과 제주시 연동 식당 방문 루트,h003270
1063,제주시·서귀포 동선 식당투어 1일,서귀동·조천읍 중심의 다양한 식당 방문 루트,h003271
1064,서귀포 맛집·박물관 1일 루트,서귀포 박물관·고기 맛집과 자연휴식 코스,h003272
1065,서귀포·제주시 맛집·체험 1일,"서귀포 체험형 관광과 맛집, 카페 위주 코스",h003273
1066,서부 감성 숙소 위주 루트 1일,대정·애월 게스트하우스와 감귤밭 휴식,h003277
1067,서귀포·제주시 서부 감성 1일,"서귀포 맛집·횟집과 안덕 수목원, 서부 카페·수산시장 코스",h003278
1068,동부·성산·우도 4일 맛집투어,제주시·함덕·구좌·성산·우도 중심 음식 위주 여행,h003299
1069,제주시 동부 맛집투어 3일,함덕·선흘·연동 중심 식당·카페 위주 미식 여행,h003303
1070,동부·서귀포·애월·제주시 맛집 4일,우도·성산·서귀포·애월·제주시 전역 식도락 위주의 맛집 여행,h003308
1071,제주시·서귀포 시티투어 2일,현지 맛집 중심에 해변·공원·전시까지 즐기는 일정,h003322
1072,서귀포·애월·제주시 먹방 루트 4일,맛집·야시장·카페·박물관 두루 즐기는 먹거리 중심 여행,h003327
1073,애월·서귀포 맛집 중심 3일,애월·서귀포 치킨·고기·시장 위주 미식여행,h003330
1074,제주시 중심 맛집투어 5일,제주시 일대 한식·해산물·분식 위주 식도락 여행,h003331
1075,동부·서귀포 맛집 위주 4일,성산·서귀포 중심의 식당·카페 맛투어,h003332
1076,제주시·서귀포 서부 2일 액티비티,해변 액티비티와 카페·맛집 중심의 서부 여행,h003337
1077,"제주 3일, 온천·리조트 휴양 여행",용담·서귀포 온천과 리조트 중심 힐링 코스,h003340
1078,동부·우도·서부 가성비 맛집 4일,성산·우도·서귀포 중심 식당·카페 위주 알찬 여행,h003343
1079,서부 카페·맛집·전시 3일 루트,"애월·협재 카페, 고기 맛집과 박물관·전시 관람 중심 여행",h003344
1080,제주시 애월·신제주 3일 미식 여행,애월 카페·바다뷰 식당과 신제주 맛집 중심,h003346
1081,서부·서귀포 맛집 중심 4일,협재·사계·신제주 식도락과 드라이브 위주 일정,h003347
1082,제주시 맛집 투어 3일,제주시 한식·중식 위주 식도락 여행,h003350
1083,동부 우도·성산 맛집투어 3일,우도·성산 일대 해산물 위주 식도락 여행,h003353
1084,제주시 맛집·관광 루트 3일,제주시 중심 음식점 위주에 카페·공예·해수욕장 포함,h003355
1085,제주시 함덕·노형·연동 맛집 중심 3일,함덕 일대 식당·카페·해수욕장 위주의 미식 여행,h003356
1086,동부·서귀포 숲힐링 루트 3일,"제주시 전통간식, 함덕 맛집과 서귀포 자연휴양림·계곡 캠핑",h003359
1087,제주시·우도·성산 맛집 위주 4일,흑돼지·해장국·해산물·카페 중심 식도락 여행,h003373
1088,동부·서귀포·우도 3일 미식여행,현지 식당·해장국·흑돼지와 우도·함덕 해변 중심,h003377
1089,동부 월정·제주시 3일 루트,월정리 맛집·카페와 동문 야식 중심 여행,h003383
1090,제주시 애월 맛집투어 4일,국수·흑돼지·갈비·빵·횟집 중심 미식 여행,h003386
1091,제주시·서귀포 맛집투어 3일,제주신화월드 포함 해산물·한식 중심 식도락 여행,h003389
1092,제주시 서부 먹방·펍투어 3일,협재·애월 식당·카페와 펍 위주의 여행,h003390
1093,서부 맛집·카페 위주 4일,"제주시 노형·애월 맛집과 서귀포 중문, 카페·식당 중심 일정",h003405
1094,동부 맛집·카페·바다 루트 2일,제주시 맛집 후 성산·세화 카페·해변 여행,h003406
1095,서부·남부 맛집 중심 3일,제주시·모슬포·안덕 위주 식당·카페 먹거리 여행,h003410
1096,서귀포 시내 맛집 탐방 1일,몸국·버거·해장국 중심의 서귀포 시내 식도락,h003419
1097,제주시 먹거리 중심 4일 루트,구제주 술집·카페·분식·일식 위주 미식여행,h003430
1098,제주시 동서부 맛집투어 3일,함덕·구좌·한림·한경 식당·카페 중심 여행,h003431
1099,제주 동서미식 루트 4일,제주시·서귀포 골고루 도는 맛집·시장 중심 여행,h003441
1100,제주 동서부 맛집·펜션 4일 루트,제주시·서귀포시 위주의 식도락 중심 숙소 여행,h003443
1101,동부·중문·서귀 서부 4일 루트,동부 자연·테마파크와 중문·서귀 서부 온천·맛집 중심 여행,h003444
1102,동부·서귀포·서부까지 도는 3일 루트,맛집 중심으로 수목원·공원·카페 들르는 코스,h003448
1103,동부 맛집·카페 중심 4일,제주시·성산 위주 식도락과 카페 여행,h003451
1104,"제주 3일, 제주시·서귀포 시내 위주 맛집투어",도넛·빵·브런치와 해장국·고기 위주의 시내 맛집 여행,h003453
1105,제주시·동부 맛집투어 4일,제주시·함덕·구좌 위주의 식도락 여행,h003455
1106,서귀포·제주시 서부 3일 루트,"게스트하우스·펜션 중심, 카페·맛집·신화월드 방문",h003469
1107,제주 동서부 맛집투어 3일,제주시·서귀포시 식당·카페 위주의 미식 여행,h003477
1108,동부 표선·성산·도심 3일,"표선·성산 해변과 체험, 맛집·야영 위주 일정",h003481
1109,제주시 미식투어 루트 3일,제주시 중심 식당·카페 위주 먹거리 여행,h003483
1110,제주시 동부 맛집·카페 2일,함덕·김녕 맛집과 카페 중심의 여유 여행,h003487
1111,제주 맛집투어 루트 3일,제주시·동부 중심의 현지 식당·카페 맛보기 여행,h003491
1112,제주 동서일주 미식투어 5일,제주시·서귀포 맛집 위주 동서 해안 드라이브,h003496
1113,제주시 동부·공항 인근 3일,"조천 함덕 맛집·카페와 테마공원, 해수욕장·도두봉 코스",h003507
1114,동·서·우도 맛집투어 3일,성산·우도·산방산 중심의 한식 맛집 위주 여행,h003512
1115,제주시·서귀포 맛집투어 4일,제주시 위주 한림·애월·서귀포 식당·카페 중심 미식 여행,h003514
1116,서부 식도락 루트 3일,협재·한림·중문 맛집 위주의 제주 미식여행,h003524
1117,동서 일주 4일 루트,카페·맛집·바다·테마파크 고루 즐기기,h003531
1118,동부·애월 드라이브 중심 4일,우도·성산·함덕·애월 카페·식당·전망 명소 위주 여행,h003536
1119,제주 동부·서귀포 3일 미식 루트,시장·맛집·카페·계곡·바다 골고루 즐기는 코스,h003539
1120,제주시 중심 4일 미식 여행,제주시 맛집·카페 위주+해변·전시 관람,h003540
1121,제주시 맛집 중심 루트 3일,제주시 일대 해산물·흑돼지·뷔페 미식여행,h003543
1122,동·서부 맛집 중심 4일 루트,흑돼지·해산물·분식과 우도·협재 등 동선,h003553
1123,제주 동서부 맛집·관광 3일,제주시·서귀포 맛집과 박물관·카페·버스투어 포함 일정,h003556
1124,동부 해안·맛집 위주 3일,함덕·성산 동부 해안과 식당 중심 일정,h003560
1125,제주 동·서·남 드라이브 4일,맛집·카페와 오름·전시·숙소 고루 즐기는 코스,h003561
1126,제주·서귀포 미식투어 4일,제주시·서귀포 식당·분식·카페 위주의 맛집 여행,h003563
1127,제주 동서부 맛집·자연 7일,"치킨·흑돼지 맛집과 카페, 오름·휴양형 여행",h003565
1128,제주시 맛집·애월 액티비티 4일,"제주시 흑돼지·맛집 중심, 애월·협재 놀거리 포함",h003567
1129,중문·성산·동부·제주시 동선 6일,중문·성산·동부 해변 감상과 흑돼지·해장국 맛집 위주 여행,h003570
1130,동부 맛집·카페·해변 루트 3일,"함덕·월정 중심 맛집과 카페, 해변 여행",h003571
1131,제주 동서부 맛집·바다 루트 2일,제주시·서귀포시 현지 맛집과 이호테우해변 중심 식도락 여행,h003572
1132,제주시 카페·전시 위주 3일,에코랜드·애월·한림 카페와 갤러리 감성 여행,h003576
1133,제주 7일 먹방·중문·동부 일주,맛집 위주에 신화월드·동부·우도 포함한 일정,h003578
1134,제주시 동부 맛집투어 4일,비양도·우도 포함 제주시 동부 식도락 여행,h003579
1135,서귀포 식도락·산책 루트 3일,"서귀포 중심 맛집·시장과 카페, 산책 코스 위주의 일정",h003588
1136,동서부 주요 관광·맛집 4일,아쿠아리움·중문·올레길과 카페·맛집 중심 여행,h003596
1137,제주 시·서귀포 미식투어 3일,현지 식당과 중문·협재 맛집 중심 여행,h003599
1138,제주 동·서남부 맛집·카페 2일,"성산·서귀포·송악산 일대 맛집과 카페, 전망 위주",h003614
1139,동서부 감성먹킷리스트 4일,"우도·서귀포 맛집과 카페, 산책·바다 감성 코스",h003619
1140,서귀·중문·협재 맛집 위주 4일,서귀포·중문·협재 일대 식도락 중심 여행,h003627
1141,제주시 동부 맛집탐방 4일,제주시·조천·구좌 중심 식당·치킨·분식 맛투어,h003629
1142,서귀포·제주시 맛집 중심 4일,"해장국·한식·해산물과 카페, 유명 빵집 위주의 미식 여행",h003637
1143,제주시·서귀포 시내먹방 루트 3일,제주시·서귀포 시내 맛집 중심의 식도락 여행,h003638
1144,제주 동·서부 식도락 루트 2일,제주시·서귀포 고기·해산물·치킨 맛집 위주 여행,h003641
1145,동부·중문 위주 3일 가족여행,"동부·중문 카페, 맛집과 키즈 실내놀이 여행",h003642
1146,제주시 도심 맛집·카페 2일,제주시 일대 식당·카페·디저트 중심 루트,h003653
1147,제주시 애월 카페·맛집 2일,제주 시내와 애월 카페·빵집·숙소 중심 코스,h003654
1148,서부 맛집·카페 드라이브 3일,도두·한림·한경·안덕 중심 맛집·카페·해안 드라이브,h003656
1149,서귀·성산·제주 신화월드 중심 4일,"신화월드·워터파크, 성산일출봉·맛집 위주 일정",h003660
1150,동서부 맛집투어 2일,제주시·성산 일대 국수·통닭·해물 등 식도락 여행,h003671
1151,제주시 미식·도두해안 3일,제주시 동문·협재 식당 위주 맛집 여행,h003675
1152,동서부 맛집 위주 5일 루트,표선·성산·애월·안덕·중문 맛집과 카페 탐방,h003684
1153,제주 4일 미식·카페 & 서귀포·동부 드라이브,"제주시 맛집·패스트푸드, 서귀포 카페·식당과 동부 해안 드라이브 중심",h003692
1154,제주 동·서부 미식투어 3일,"한식 해장·해산물과 분식, 디저트까지 골고루 맛보기 여행",h003702
1155,동·서·남 제주 맛집투어 4일,"제주시·서귀포 맛집과 카페, 승마 체험 중심 루트",h003703
1156,서부 맛집·카페 탐방 3일,제주시·협재·중문 중심의 식당·카페 위주 여행,h003705
1157,제주시·서귀포 2일 미식·카페 루트,"복집·떡집과 카페, 해수욕장·리조트 일정",h003713
1158,동·서제주 맛집 위주 4일,"제주시 맛집 탐방과 함덕·성산, 아르떼뮤지엄 코스",h003717
1159,"제주 4일, 제주시 중심 맛집투어",제주시 맛집·카페와 동부·성산 식도락 여행,h003719
1160,서귀포·성산 2일차 맛집·전시 루트,서귀포 사계·성산 일대 식당과 미술관 위주 일정,h003720
1161,서부 맛집·카페 루트 3일,"한림·애월·안덕 식도락과 카페, 해안 드라이브 여행",h003722
1162,제주시·서귀포 미식·카페 4일,"제주시·서귀포 맛집 위주, 카페·펜션 휴식 여행",h003723
1163,제주시 문화감성 루트 1일,갤러리·소극장 중심 도심 문화여행,h003724
1164,제주 동서부 맛집·바다 루트 3일,"제주시·서귀포 일대 말체험, 맛집, 카페, 숙소 여행",h003726
1165,동부 함덕 먹방·카페 1일,함덕해수욕장 중심 맛집·카페 위주 코스,h003727
1166,제주시 동서 맛집·카페 4일,"제주시 맛집·카페 중심, 함덕·애월·사계 해안 감성 여행",h003729
1167,서부 한림·애월 맛집 중심 5일,협재·한림 일대 식당·카페 위주의 서부 맛투어,h003731
1168,제주시 노형동 미식투어 4일,노형동 위주 맛집·해장국·국수 중심 식도락 여행,h003738
1169,제주시·서귀포·우도 5일 코스,워터파크·식물원·미술관과 우도 카페·맛집 포함 힐링 여행,h003742
1170,제주시·우도·서귀포 맛집투어 4일,공항 인근·우도·중문·서귀포 시내 맛집 위주의 루트,h003744
1171,제주시 서부 예술·맛집 투어 4일,한림·한경 미술관 관람과 협재·애월 맛집 중심 여행,h003763
1172,동부 맛집·해변 루트 3일,"구좌·성산 맛집과 해변, 제주시 카페·상점 위주의 여정",h003774
1173,제주시 동부·우도 맛집투어 4일,제주시내와 구좌·우도 중심 식당·카페 위주,h003778
1174,성산·우도 동부 명소 루트 3일,국수·떡 맛집과 성산일출봉·우도 카페·기념품 쇼핑,h003783
1175,중남부 맛집·신화월드 4일,신화월드 중심 맛집·카페와 성산·서귀포 관광,h003789
1176,제주시 애월·한경 맛집 루트 3일,국수·라면 등 식도락 중심 제주시 서부 여행,h003790
1177,중문·서귀포 맛집 중심 4일,중문·애월 맛집과 카페 위주의 식도락 여행,h003791
1178,동부·중문 맛집·카페 3일,"제주시 동부 올레·게스트하우스 후 함덕·중문 맛집과 카페, 액티비티 중심",h003793
1179,제주시·중문 2일 차분한 맛집·관광,제주시 카페·박물관·테마파크와 중문 식당 중심 일정,h003808
1180,제주 동부·서귀포 맛집·자연 3일,"성산·표선 자연과 식당, 구좌 해변·카페 중심 여행",h003827
1181,제주시·우도·동부 맛집 중심 4일,"제주시 시내와 우도, 동부 카페·식당 위주의 미식 여행",h003842
1182,제주 중문·제주시 맛집 위주 6일,중문·제주시 위주의 해장국·고기·국수 맛집 중심 일정,h003849
1183,동부·우도·서귀 서귀포 3일,함덕·우도 맛집과 성산·서귀포 카페·전시 루트,h003867
1184,동부·서귀포·제주시 4일 루트,동부 바다·계곡과 제주시 맛집·카페 위주 여행,h003871
1185,제주시·서귀포 맛집투어 2일,카페·국수·분식·보쌈 등 식도락 중심 일정,h003872
1186,서귀포 도심 여행 1일,호텔·카페·전시·맛집·공연장 둘러보기,h003876
1187,동부·서귀포 중심 6일 루트,"맛집·카페 위주, 성산·표선·구좌·중문·애월 포함 일정",h003880
1188,제주 동서부 맛집·카페 4일,제주시·성산·애월·한림 맛집과 카페 위주 여행,h003885
1189,중문·서귀포 맛집+한라산 5일,제주시·서귀포 현지 맛집과 한라산 등반 중심 여행,h003895
1190,동부·우도·제주시 4일 루트,동문시장·우도·성산·카페·전복·갈치·액티비티 여행,h003906
1191,제주시 동부 위주 음식·숙소 3일,"구좌·우도 위주 카페, 식당, 펜션·게하 여행",h003920
1192,제주 동부·서귀포 3일 맛집·관광,함덕·도두 해안과 쇠소깍·아쿠아플라넷 중심 식도락 여행,h003932
1193,동부·성산·제주시 맛집 루트 3일,제주시·성산·구좌 위주 식당·숙소 중심 여행,h003953
1194,제주시 애월·한담 맛집 3일,애월·한담 해변 산책과 해장국·해물·고기 맛집 위주,h003959
1195,제주시 동·서부 맛집·카페 3일,우도·협재·애월 포함한 식도락·카페 중심 여행,h003961
1196,서부·서귀포 액티비티·맛집 3일,"서부 액티비티와 서귀포 자연, 고기·갈치 맛집 위주 여행",h003978
1197,제주시·중문 맛집·공원 위주 2일,"제주시 맛집과 한림공원, 중문 숙박 중심 일정",h003980
1198,서귀포 중심 4일 미식·자연 여행,"서귀포 맛집과 호텔, 자연·유원지 위주의 여유 일정",h004032
1199,제주시 동북부 2일 미식·숙소 루트,"함덕·구좌 맛집과 카페, 감성 숙소·뮤지엄 여행",h004045
1200,제주 동서부 맛집·카페 3일,현대미술관·카페·해물 중심의 미식 여행,h004055
1201,동부 맛집·바다 루트 2일,함덕·김녕 해변 중심의 식도락 여행,h004058
1202,제주시·동부 맛집+테마파크 2일,제주시·표선 맛집과 돌문화공원·에코랜드 위주 일정,h004060
1203,제주 맛집투어 루트 3일,제주시·서귀포시 전역 식당 중심 미식 여행,h004063
1204,서귀포·애월 맛집투어 2일,식당·카페 중심의 서귀포·애월 미식 여행,h004082
1205,제주시·서귀포 맛집·액티비티 3일,"흑돼지·해산물 위주 맛집과 레일바이크, 미술관 코스",h004099
1206,서귀포 위주 미식·자연 4일,서귀포 맛집 탐방과 성산·계곡·해수욕장,h004101
1207,제주시 도심·함덕·구좌 루트 2일,제주시 박물관·맛집과 함덕·구좌 카페·정원 여행,h004102
1208,서귀포 호텔·카페 중심 2일,제주신라·파르나스 호텔과 베이커리 맛집 루트,h004105
1209,제주시 동·서부 맛집 카페 4일,구좌·함덕 해안 중심 맛집·카페 위주 여유 여행,h004106
1210,동·서귀 카페·맛집 루트 3일,해장국·흑돼지·국수 중심 식도락 여행,h004108
1211,동·서부 맛집 중심 4일,제주시·성산·서귀포·애월 식당·분식·해장 위주 미식 여행,h004109
1212,동부·서귀포·서부·제주시 4일,"맛집·카페 중심, 해수욕장·도넛·빵 포함 먹방 위주 코스",h004118
1213,제주시 맛집·해변 루트 3일,"제주시 맛집 중심, 함덕·삼양 해변 즐기는 여행",h004119
1214,제주시 한림 중심 맛집·카페 3일,한림 협재 일대 맛집과 카페 위주의 제주 시내 소도시 여행,h004124
1215,제주시 맛집 중심 4일,제주시 내 해장국·한식·고기·빵집 위주의 식도락 여행,h004133
1216,제주시 애월·함덕 맛집 중심 4일,애월·함덕 중심 온천·숙소와 한식 맛집 위주의 여행,h004138
1217,서부 맛집·중문 관광 2일,애월·중문 중심 식당 위주에 무비랜드 관람 포함,h004143
1218,제주 동서부 식도락 4일,제주시·서귀포시 맛집과 카페 중심 식도락 여행,h004146
1219,제주 동서남북 먹거리·관광 4일,맛집·카페와 폭포·해변·공원 등 골고루 즐기는 코스,h004150
1220,제주 시내·서귀포 3일 미식 루트,"제주시·서귀포 맛집과 카페, 박물관 코스",h004154
1221,제주시·동부 위주 먹킷리스트 4일,제주시 중심 식당·카페와 협재·성산·표선 바다 맛집 루트,h004162
1222,동부·우도 맛집투어 3일,성산·우도·제주시 중심의 식당·카페 위주 여행,h004163
1223,제주시 서부 바다맛집 3일,금능·협재 맛집·카페와 공항 인근 식도락 여행,h004179
1224,중문·서귀포 맛집 중심 3일,갈치·회 등 중문·서귀포 맛집 위주 미식 여행,h004180
1225,제주 시내·애월·서귀포 3일,"제주시 맛집과 국수, 서귀포 한식·카페, 애월·오설록 포함 미식 여행",h004184
1226,제주 동부·제주시 위주 3일,"맛집·카페와 동부 관광, 펜션 휴식 중심",h004193
1227,동부·서귀포 맛집 위주 3일,"제주시·우도·서귀포 식도락과 카페, 미로테마파크 여행",h004204
1228,제주시 도심 산책·숙박 루트 2일,올레길 도보 후 용담 해안 인근 숙박,h004206
1229,서귀포·제주시 맛집·카페 3일,서귀포·제주시 위주 식당·카페 탐방 루트,h004207
1230,중문·위미 음식투어 3일,서귀포 중문·위미와 제주시 한식·고기 맛집 중심,h004208
1231,동부·애월 맛집 카페투어 2일,동부·애월 카페와 해산물 맛집 중심 일정,h004211
1232,제주 동·서부 식도락 루트 3일,"제주·서귀포 카페와 분식, 해산물, 고기 위주의 맛집 여행",h004215
1233,제주시 동부 우도·세화 4일,카페·맛집 중심 우도·세화·함덕 동부 여행,h004216
1234,제주 시내·동부·서부 4일 루트,"맛집·카페 중심, 해변·티뮤지엄 들르는 일정",h004218
1235,제주 서부·시내 맛집투어 2일,애월·협재·서귀포 명소와 제주시 맛집 중심 여행,h004219
1236,제주 동·서부 6일 맛집·관광 루트,세화·구좌·노형 맛집과 성산·서귀포 관광 중심 일정,h004220
1237,제주 맛집 위주 3일,제주시·중문·협재 중심 식도락 여행,h004223
1238,제주 동서남 먹방 위주 3일,"제주시·서귀포시 식당 중심, 카페·게하 포함 알찬 미식 여행",h004224
1239,제주 중문·우도·애월·도심 4일,우도·해변·중문 자연과 제주 시내 맛집 위주여행,h004225
1240,서귀포·서부·제주시 맛집투어 6일,"서귀포 시내와 협재·금능, 제주시 동문 위주의 식도락 여행",h004226
1241,제주 동서부 맛집·카페로드 4일,"제주시·서귀포시 전역 온천, 맛집, 카페, 액티비티 중심 여행",h004233
1242,제주시 4일 루트,제주시 시내맛집·카페와 애월·구좌 해변 중심 여행,h004234
1243,동부·제주시 맛집 위주 3일,표선·제주시 식당과 카페 중심의 맛집 여행,h004242
1244,동부 맛집 중심 4일 루트,표선·성산·조천 위주의 호텔·국수·고기 맛집투어,h004244
1245,중·동부 맛집 중심 3일,몸국·보쌈·찜·고기 맛집과 해수욕장 코스,h004245
1246,제주시 도심 미식·예술투어 3일,제주시 맛집과 미술관·갤러리 중심 도심 여행,h004251
1247,동부 위주 맛집·카페 3일,"조천·성산 중심의 식당과 카페, 숙소 여행",h004288
1248,제주 미식·액티비티 루트 3일,흑돼지·갈치 등 맛집과 카트·박물관 코스,h004298
1249,제주시·서귀포 4일 먹거리 중심 루트,"연동·노형 맛집과 우도·성산 관광, 폭포·오름 포함 미식 여행",h004300
1250,제주시·서귀포 동서일주 맛집·카페 4일,"제주시 중심 맛집, 애월·서귀포 카페와 흑돼지 위주 미식 여행",h004315
1251,서귀포·제주 서부 2일 루트,신화월드·맛집 중심의 서귀포·한림 여행,h004324
1252,제주시 서부 맛집·카페 3일,연동·협재·애월 중심의 식당·카페 맛투어,h004325
1253,제주시 맛집·카페 4일 루트,제주시 중심 식당·카페와 해변 산책 위주 일정,h004326
1254,애월·협재 맛집투어 4일,"애월·협재 식당과 카페, 해수욕장 위주의 미식 여행",h004327
1255,제주 서부 맛집·카페 루트 3일,제주시·서귀포시 서부 식당과 카페 중심 여행,h004328
1256,서귀포·애월·신화월드 5일,신화월드·맛집 중심 서귀포·서부권 여행,h004330
1257,제주 동서 맛집투어 3일,공항·구제주와 서귀포 식당·국밥·족발·흑돼지 중심 미식 여행,h004331
1258,제주시 동부·도심 루트 3일,구좌 숙소·식당과 제주시 도심 맛집·카페 위주 여행,h004332
1259,서귀포 호텔·레스토랑 중심 4일,서귀포 특급호텔 식당·연회장 위주의 미식여행,h004348
1260,제주시 함덕 1일 맛집·카페 루트,함덕 해변 산책과 식당·베이커리 중심 코스,h004351
1261,제주시 함덕·김녕 맛집 위주 4일,제주시 동부(함덕·김녕) 중심 식당·카페 맛투어,h004359
1262,제주시·서귀포 4일 미식·관광 루트,동문시장·흑돼지·베이글 등 맛집과 신화테마파크·성산 숙소·해변 산책 포함 여행,h004361
1263,서부 맛집·해변 루트 2일,한경·애월·협재 식도락과 해변·전망 여행,h004362
1264,제주시 한림 일대 맛집·해변 1일,협재해수욕장과 한림 맛집 중심의 당일 코스,h004363
1265,서부 협재·제주시 맛집 투어 4일,협재·제주시 중심 맛집·테마파크 위주 여행,h004365
1266,동부·성산 위주 맛집 4일,"성산·우도 동부 중심 맛집과 카페, 아쿠아플라넷·에코랜드 포함 힐링 여행",h004372
1267,서부·서귀포·동부 루트 3일,"협재·애월 숙소와 카페, 흑돼지 맛집 중심 여행",h004376
1268,제주시·성산 동부 맛집 위주 3일,함덕·김녕·성산 맛집과 해수욕장 중심 동부 여행,h004385
1269,동·서부 맛집 중심 4일,"제주시·서귀포 맛집과 카페, 전망 명소 여행",h004386
1270,제주시·서귀포 1일 동부 드라이브,미술관·패스트푸드·해수욕장·만두·식당 방문 루트,h004398
1271,동부·제주시 맛집 중심 1일 루트,성산·제주 도심 식당 위주의 맛집 투어,h004399
1272,성산·서귀포 문화·맛집 1일,성산 전복맛집과 서귀포 카페·미술관 코스,h004402
1273,서귀포·한림 맛집 위주 1일,서귀포·한림 식도락과 사계해변 감성 산책,h004404
1274,서귀포·제주시 맛집·카페 1일,오설록·맛집·카페·체험형 액티비티 중심 일정,h004406
1275,동부·신제주 맛집 위주 5일,"성산·구좌·신제주 식당, 카페·게스트하우스 중심",h004410
1276,동·서부 맛집·카페 위주 4일,성산·구좌·한림 맛집과 카페 중심 식도락 여행,h004411
1277,서귀포·애월·테마파크 4일,"성산·신화월드 중심 맛집과 물놀이, 공항 인근 회·바비큐",h004415
1278,중문·성산·구좌·노형 4일 루트,"맛집·갈치·흑돼지 위주, 성산·구좌 카페와 박물관 포함",h004427
1279,성산·서귀포 중심 3일 루트,성산일출·해변·박물관과 서귀포 맛집 위주 일정,h004446
1280,제주 미식·전시·호캉스 루트 4일,"전시·뮤지엄과 고기맛집, 호텔 호캉스 위주 여행",h004459
1281,제주 중서부·중문 맛집 중심 3일,신화월드·중문 일대 맛집·카페 위주 코스,h004474
1282,애월 곽지 맛집 탐방 1일,곽지리 새우·버거·돈까스·치킨·식당 맛집 위주,h004492
1283,동부·서귀포·애월 먹킷리스트 3일,빵집·국수·갈치요리 등 식당·카페 위주 미식여행,h004499
1284,제주시 동부 맛집·관광 3일,함덕·구좌 맛집과 오름·박물관 중심 코스,h004513
1285,제주시·우도 카페맛집 루트 1일,"제주시 카페·빵집과 우도 맛집, 저녁 한우 막창",h004515
1286,서귀포·제주시 미식투어 1일,서귀포 올레시장·초밥·식당과 제주시 치킨,h004517
1287,제주 동서 맛집투어 4일,제주시·서귀포시 한식·분식·해장국·카페 중심 식도락 여행,h004523
1288,제주시 서부·서귀포 맛집 위주 4일,제주시·협재·서귀포 중심 식당·카페·공연 루트,h004530
1289,제주시 동서부 먹거리 중심 4일,제주시 위주 식당·카페·미술관·올레길 코스,h004533
1290,제주 중문·서귀포 미식 루트 4일,서귀포·중문 위주의 식도락과 가성비 맛집 투어,h004543
1291,제주시·서귀포 서부 먹거리 위주 3일,"애월·한림 맛집과 카페, 서귀포 해안·자연 경관 중심",h004552
1292,제주시 동부 맛집·카페 4일,"제주시 동부 위주 식도락과 카페, 유배길 산책",h004573
1293,제주시 동부 맛집투어 3일,구좌·일도 중심 식당·카페·디저트 맛집 여행,h004577
1294,제주시·서귀포 미식 투어 4일,제주시·서귀포 맛집·횟집 중심 식도락 여행,h004579
1295,동·서부 맛집숙소 루트 4일,용담·성산·협재 중심 맛집·카페·숙소 여행,h004593
1296,제주시 서부 맛집·카페 2일,협재·애월 식당과 공항 인근 맛집 중심 동선,h004606
1297,제주시·서귀포 맛집·카페 6일,애월·함덕·성산 일대 빵집·식당·카페 중심 미식 여행,h004611
1298,제주시 맛집투어 2일,제주시 일대 식당·한식 위주의 맛집 여행,h004621
1299,제주시 서부 카페·맛집 3일,협재·애월 카페와 맛집 위주의 여유 여행,h004636
1300,제주 동·서부 맛집 중심 3일,우도·함덕·성산·중문·한경·이호 해장국과 흑돼지 맛집 위주,h004640
1301,제주시·서귀포 3일 미식 중심 루트,제주시·협재·서귀포 맛집과 카페 위주의 식도락 여행,h004654
1302,동부 구좌·성산 맛집·카페 2일,구좌·성산 해안 카페와 해산물·흑돼지 맛집 위주,h004660
1303,동·서부 맛집&카페 4일 루트,성산·중문·애월 중심의 식당·카페 맛집 여행,h004696
1304,서부·서귀포·동부 맛집투어 5일,연동 맛집과 서부·서귀포·동부 해변·카페 중심 식도락 여행,h004703
1305,애월·협재 맛집 중심 3일,제주시 애월·협재 흑돼지·해산물·카페 맛기행,h004712
1306,동북부 구좌·조천 5일 루트,"구좌 해변·맛집 중심, 함덕·제주시 시내까지",h004721
1307,서부 맛집·카페투어 루트 4일,제주 서부 식당·카페 중심 미식 여행,h004732
1308,제주시 도심·애월 맛집투어 4일,제주시 일대 식당·분식·카페·흑돼지 중심 루트,h004739
1309,제주 동서남 맛집·올레 4일,"제주시·서귀포 맛집 중심, 올레·테마파크 포함 일정",h004746
1310,제주 동·서 시내 먹방 루트 4일,제주시·서귀포시 시내 위주 식당·시장 먹거리 여행,h004752
1311,제주 동서 음식·카페 루트 7일,"제주시·서귀포시 맛집과 카페, 미술관 즐기는 여유 여행",h004754
1312,서귀포·제주시 근교 맛집·카페 1일,서귀포 법환동 카페·인증센터와 제주시 식당 방문,h004755
1313,제주 동·서귤 도시 먹킷리스트 3일,제주시·서귀포시 중심의 카페·떡·빵 위주 식도락 여행,h004756
1314,제주시 서부 맛집·카페 3일,협재·애월 맛집 중심의 여유로운 식도락 여행,h004757
1315,제주시–서귀포–우도·동부 5일,맛집·식당 중심에 우도·동부 해안 드라이브 여행,h004763
1316,동부 맛집·카페 위주 3일,제주시·성산·표선 동부 중심 식당·카페·숙소 여행,h004773
1317,동부 카페·맛집 루트 2일,제주시 맛집과 성산·구좌 감성 명소 중심 여행,h004796
1318,제주시·서귀포 식도락 루트 3일,국수·갈비·갈치 등 맛집 중심 식도락 여행,h004845
1319,제주시 동부 감성맛집 3일,구좌읍 위주 감성 카페·식당·숙소 코스,h004851
1320,제주시 도심·서부 해변 루트 3일,"제주시 맛집 중심, 함덕·이호·협재 해수욕장 방문",h004860
1321,제주시 시내 미식투어 3일,제주시 중심 식당·해장국·초밥·보쌈 위주의 맛집 여행,h004865
1322,동부·서부 맛집 위주 4일,제주시·애월·성산·우도 식당·해장국·해산물 중심,h004876
1323,중문·제주시 힐링 루트 1일,온천·공원·카페로 즐기는 도심 힐링 코스,h004877
1324,제주 동부 맛집·바다루트 4일,제주시~표선·성산 맛집과 해변·카페 중심 여행,h004895
1325,제주시 맛집·카페 중심 4일,제주시 일대 식당·카페 위주의 미식 여행,h004905
1326,서귀포·제주시 맛집 위주 5일,"서귀포 서부 맛집과 카페, 자연·수목원 힐링 동선",h004911
1327,제주시 서부·동부 맛집투어 4일,애월·협재 해변과 제주시 맛집·카페 중심 일정,h004919
1328,제주시·서귀포 5일 맛집 중심 루트,흑돼지·한식·해장국·김밥 위주의 식도락 여행,h004920
1329,제주시 우도 중심 미식·바다 3일,"제주시 맛집과 카페, 해변·우도 관광 위주 여행",h004947
1330,제주시 1일 빵·한식 맛집 코스,제주시 빵집과 한식 식당 방문 중심,h004949
1331,제주시 동부 맛집·카페 루트 4일,함덕 해수욕장 중심 횟집·흑돼지·버거·카페·분식 맛투어,h004962
1332,제주 동서 맛집투어 3일,제주시·중문·서귀포 위주 맛집 탐방 루트,h004968
1333,제주시·성산 맛집투어 3일,제주시·성산 일대 식당·포차·카페 위주 미식 여행,h004970
1334,서귀포·제주 동선 1일,쇠소깍 액티비티와 한림 한식 맛집 방문,h004977
1335,동부·서귀포 맛집·카페 3일,제주시-성산-서귀포 위주 맛집·카페 여행,h004979
1336,제주시 함덕 맛집투어 2일,함덕 해장국·흑돼지·해산물·카페 중심 식도락 여행,h004992
1337,제주 동서남부 먹거리·관광 4일,맛집 위주로 해변·테마파크·자연경관 즐기는 루트,h004997
1338,서귀포·제주시 미식투어 3일,서귀포 올레시장·이중섭거리 중심 맛집 위주 코스,h004998
1339,제주 동·서부 맛집투어 1일,제주·서귀포 지역 패스트푸드·식당 위주,h004999
1340,제주시·동부 맛집투어 3일,제주시·구좌·성산 위주 식당·카페 중심 여행,h005003
1341,제주시 맛집 위주 5일,제주시 동·서부 식당과 분식·카페 중심 먹방 여행,h005014
1342,동부 맛집·술집 중심 3일,제주시 동부 중심의 한식·술집 위주 미식 여행,h005017
1343,제주시 동부 식도락 3일,제주시·구좌읍 중심 맛집·흑돼지·해산물 여행,h005020
1344,제주시 서부 맛집·바다 3일,애월·협재 맛집 위주 서부 해안 드라이브,h005028
1345,제주 시내·서귀포 맛집 위주 3일,"제주시·서귀포 카페, 분식·해산물·고기 맛집 중심 여행",h005037
1346,제주시 중심 3일 먹거리·산책,"김밥·현지맛집과 수산시장, 계곡·오름·미술관을 도는 도심 위주 여행",h005044
1347,제주시 애월·도심 맛집투어 3일,애월 카페·식당과 제주 시내 로컬 맛집 중심,h005052
1348,제주 서부 맛집·카페 투어 2일,"제주시 중심 식당·초밥과 금능·협재 카페·해변, 오설록 디저트 동선",h005058
1349,제주시 서부 3일 먹방·휴양 루트,"연동·애월 맛집과 카페, 해변·리조트 중심 여행",h005060
1350,서귀포·애월·협재 맛집 위주 4일,서귀포·애월·협재 중심 식도락과 해변 산책,h005061
1351,제주 동부·서부 맛집 중심 4일,함덕·우도·성산·사계·애월 맛집·숙소 위주 일정,h005062
1352,제주시 맛집투어 루트 3일,협재·한림 중심 제주 향토 음식 및 술집 위주,h005063
1353,제주시·서귀포 맛집·카페 3일,칼국수·떡·중문·성산 위주 미식 중심 여행,h005064
1354,동·서부 맛집 위주 루트 3일,"제주시·서귀포 식당과 카페, 박물관 방문 여행",h005066
1355,제주시 서부 맛집·카페 루트 3일,구제주 중심 식당·술집과 협재·애월 해변 카페·흑돼지 맛집 위주,h005067
1356,중산동부 아이동반 3일 여행,테마파크·동물체험과 성산·제주시 맛집 중심 코스,h005082
1357,동부 맛집·성산일출 3일,"구좌·성산·함덕 위주 맛집과 카페, 해변 일정",h005084
1358,서귀포 맛집투어 3일,서귀포 장어·흑돼지·갈치 등 현지 맛집 중심 여행,h005086
1359,제주시·성산 맛집투어 4일,공항 인근과 성산·연동 중심의 식도락 여행,h005110
1360,동부·서귀포·제주시 맛집투어 3일,성산·서귀포·제주시 전역 분식·중식·해산물 맛집 중심,h005113
1361,제주 3일 미식 중심 시내·서귀포 여행,제주시·서귀포 식당·카페 위주의 도시 맛집 투어,h005124
1362,제주시 함덕 맛집·해변 4일,함덕 해수욕·해변과 고기·회·빵 중심 먹방 여행,h005136
1363,서부 맛집·전시 루트 2일,서귀포·한림·애월 식도락과 아르떼뮤지엄,h005138
1364,제주시 시내 맛집 루트 1일,제주시내 순두부·한식 위주의 식도락 코스,h005141
1365,제주시 서부 힐링 3일 여행,"공항 인근 식당·국수와 곽지·이호 바닷가, 카페·야경 코스",h005149
1366,제주시·서귀포 맛집 위주 3일,김밥·고기·돈까스 중심의 식도락 여행,h005150
1367,제주 동부·서귀포 맛집 루트 2일,"한라산 산행 후 서귀포·제주 동부 해산물과 분식, 베이커리 중심",h005154
1368,제주시·서귀포 맛집 중심 3일,제주시 위주 식당·카페와 뮤지엄·리조트 방문 루트,h005161
1369,3일 서귀포 맛집·카페 중심 루트,서귀포 시내 맛집과 서부 해안 라면·카페 위주 여행,h005163
1370,제주시·서귀포 4일 미식여행,현지 해장국·흑돼지·카페·베이커리 중심 맛집 투어,h005177
1371,서귀·중문·신제주 미식투어 3일,"서귀포 전통시장과 카페, 중문·신제주 맛집 중심 먹방 여행",h005181
1372,제주 서부·동부 먹방 3일 루트,협재·월정·세화 해변과 식당·카페 위주의 맛집 여행,h005184
1373,제주시 동부 맛집·카페 3일,"함덕·구좌·성산 중심 식도락과 카페, 숙소 휴식 루트",h005189
1374,제주시·서귀포 맛집 위주 2일,닭집·중식·국수·고기 등 식당과 게스트하우스 중심,h005193
1375,동서부 맛집·관광 루트 3일,"오메기떡, 빵, 흑돼지와 스누피가든·비밀의숲 코스",h005198
1376,중남부 맛집투어 루트 3일,서귀포·제주시 중심 식당·빵집 위주의 먹방 여행,h005200
1377,제주 동·서부 맛집 중심 4일,함덕·애월·중문·구좌 식도락 위주 여행,h005201
1378,제주시 동·서부 맛집투어 4일,제주시 일대 떡집·빵집·카페와 식당 위주의 미식 여행,h005208
1379,제주시·서귀포 베이커리·맛집 4일,"빵집과 카페, 흑돼지·해물 맛집 위주의 루트",h005212
1380,제주 4일 미식·카페·전망 루트,"제주시·중문 위주 맛집과 카페, 전망 명소 중심 여행",h005217
1381,동부 위주 3일차 맛집·카페 루트,"함덕·구좌 카페와 해안도로, 식당·떡집 중심 여행",h005221
1382,중문 신화월드 중심 2일,신화월드·테마파크·워터파크 위주의 엔터·맛집 여행,h005226
1383,제주 서부·중문·동북부 4일,"협재·중문 맛집과 카페, 숙소 중심 먹방 여행",h005233
1384,서부·서귀포 예술·맛집 4일,갤러리·카페·로컬맛집·펜션·해변 감성 여행,h005234
1385,제주 동서부 맛집·숙소 루트 3일,공항·애월·한림과 성산·중문 위주의 식당·숙소 여행,h005238
1386,서부·제주시 맛집 탐방 3일,협재·한림 바닷가 식당과 제주시 로컬 맛집 위주,h005245
1387,제주시 서부·도심 맛집 카페 3일,"협재·애월 맛집·카페 중심, 마지막날 시내 식당 방문",h005250
1388,제주 맛집투어 중심 4일,제주·서귀포 한식·고기·국수·분식 위주의 식도락 여행,h005252
1389,제주시·서귀포 맛집 중심 4일,공항 인근 해산물·한식 위주 식도락 여행,h005253
1390,제주시 함덕 맛집투어 2일,함덕리 중심 흑돼지·치킨 위주의 식도락 여행,h005257
1391,제주시·서귀포 맛집 위주 4일,"제주시 중심 맛집과 카페, 함덕·성산·표선까지 섭렵하는 미식 여행",h005264
1392,제주시 동부 먹방·카페 3일,"칼국수·아귀찜·고기·빵과 카페, 영화, 드라이브 코스",h005267
1393,제주 동·서·서귀포 먹방 4일,"제주시·서귀포 맛집 중심, 해산물·흑돼지·국수와 카페·술집 포함한 식도락 위주 여행",h005271
1394,동부 맛집·카페 중심 4일,구좌·성산 위주 식당·빵집·카페 맛투어,h005274
1395,제주시·서귀포 맛집 중심 2일,제주시·서귀포 식당과 디저트 위주의 미식 여행,h005280
1396,제주시·중문 맛집투어 1일,제주시 도남동·중문 일대 한식·카페·회 중심,h005288
1397,중문·제주시 맛집 중심 3일,중문·제주시 맛집과 해안 산책·전시 루트,h005297
1398,동부·중문·제주시 맛집 위주 4일,성산·중문·제주시 해장국·횟집·오마카세 등 맛집 중심 일정,h005298
1399,제주시 동부 맛집·올레길 3일,화북·함덕·삼양 일대 고기·칼국수 맛집과 올레길,h005305
1400,서귀포·애월 맛집 중심 5일,서귀포 위주 식당·시장·호텔 먹방 여행,h005308
1401,서귀·중문·제주시 3일 도시·관광 루트,"올레길·박물관과 중문·도심 맛집, 카페, 야경 즐기는 일정",h005309
1402,제주시 동부 맛집·바다 루트 4일,제주시 떡·분식·현지맛집과 해안 산책 위주 여행,h005311
1403,제주시 중심 4일 미식 위주 루트,애월·연동·우도 맛집과 온천까지 먹킷+휴식 여행,h005312
1404,제주시 동서부 맛집·카페 2일 루트,식당·카페 위주 제주시 일대 여유 식도락 여행,h005321
1405,서귀포 맛집 중심 3일,서귀포 중심 식당·카페 위주의 미식 여행,h005322
1406,제주시·성산 5일 미식 여행 루트,협재·구좌·성산 식당·맛집 위주의 식도락 여행,h005342
1407,제주 서부 미식 루트 3일,제주시·서귀포 맛집 중심의 식도락 여행,h005345
1408,제주시 맛집 중심 4일 루트,제주시 현지 식당·해산물·칼국수 위주 미식여행,h005355
1409,제주시 서부 맛집 위주 1일,제주시·애월·한림 장어·고기·해산물 맛집 투어,h005358
1410,동북부 맛집·카페 위주 4일,애월·함덕·구좌 일대 식당·카페 중심 코스,h005365
1411,제주시·성산 우도 3일 여행,제주시 도심 명소와 우도·성산 카페·식당 위주 일정,h005366
1412,제주시 서부 카페·맛집 2일,애월 카페·맛집과 전통시장·펜션 휴식 여행,h005367
1413,중문·서귀포·성산·제주시 맛집 4일,서귀포·성산·제주시 전역 식당·혼술바 위주 미식여행,h005369
1414,제주시·동부 맛집 중심 3일,"제주시 일대 식당·횟집과 동부 카페, 허브동산·유배길 산책",h005375
1415,제주 동서부 카페맛집 3일,"애월·성산·구좌 맛집과 카페, 해변 위주 일정",h005377
1416,제주시 북부 3일 미식·카페 루트,용담·애월·협재·구좌 중심 맛집·카페·해변·관광지 여행,h005379
1417,제주 동서부 맛집·카페 3일,제주시·신화월드·함덕 중심 맛집·카페 위주 여행,h005390
1418,서귀포·조천 맛집 위주 2일,패스트푸드·해산물·흑돼지 등 식도락 코스,h005402
1419,중문·서귀포 남부+애월·협재 3일,박물관·맛집 중심 남부 관광과 서부 해안 드라이브,h005428
1420,서귀포·제주시 맛집 중심 2일,"서귀포 숙소·식당과 제주시 장어·삼계탕, 카페 방문 루트",h005432
1421,제주 서부·서귀포 3일 미식여행,"애월·서귀포 맛집과 카페, 산책·액티비티 중심",h005433
1422,제주 동서남 먹방·관광 4일,제주시·서귀포 시내 위주 맛집과 전시·테마파크 중심 여행,h005434
1423,제주 시내·서귀포 맛집 루트 3일,제주시·서귀포 카페·흑돼지·회·패스트푸드 위주,h005435
1424,제주 동서부 미식투어 1일,제주시·서귀포시 위주 맛집 중심 식도락 여행,h005437
1425,제주시·서귀포 동부 위주 4일,"박물관·미술관과 카페, 흑돼지 맛집 포함 알찬 코스",h005441
1426,동부 카페·맛집 루트 3일,성산·구좌·함덕 위주 카페·식당 중심 일정,h005448
1427,제주 자유 일정 루트 (일정 미정),구체 일정·지역 정보 없는 자유여행 계획,h005455
1428,서귀포 시내 맛집·카페 3일,"서귀동 중심 맛집과 카페, 시장 위주의 여행",h005456
1429,서귀포·제주시 맛집 중심 4일,"서귀포 위주 식도락 여행, 제주시 카페·간식 포함",h005459
1430,제주시 맛집 중심 4일 루트,제주시 맛집·해장국·국수 위주의 식도락 여행,h005461
1431,제주시·애월·구좌 3일 미식여행,"현지 해장국·식당과 카페, 펍, 게스트하우스 등 중심",h005462
1432,제주시·우도 중심 맛집투어 4일,"제주시 시내 위주 식당·카페, 우도·해안 산책 중심 여행",h005464
1433,제주시 미식투어 2일,제주시 내 식당·분식·해장 위주 맛집 여행,h005466
1434,중남부 위주 먹거리·전시 3일,신화월드·중문·제주시 일대 맛집과 전시 위주 일정,h005492
1435,제주시 도심·함덕 우도 맛집투어 3일,노형·드림타워 위주 도심 맛집과 함덕·우도 식도락 중심 일정,h005494
1436,제주시 맛집 탐방 1일,제주시 빵집·감자탕·뷔페 중심 먹거리 투어,h005495
1437,제주시·서귀포 맛집 위주 4일,흑돼지·치킨·갈치 등 식도락 중심 여행,h005501
1438,제주 동·서귀포 맛집·호텔 2일,제주시·서귀포 식도락과 시내 호텔 숙박,h005505
1439,제주시·서귀포 서부 맛집·힐링 3일,"제주 시내·애월 맛집과 해변, 미술관·온천 힐링 여행",h005509
1440,제주시 맛집 루트 1일,제주공항 인근 돼지고기 맛집 중심 일정,h005518
1441,서귀포·한림·애월 맛집·관광 3일,맛집 중심에 테마파크·펜션 포함한 여유 여행,h005535
1442,제주시 시내 3일 먹거리·전시 투어,제주시내 맛집·해장국·수산시장과 전시·4.3기념관 중심 여행,h005559
1443,제주시 도심·동부 맛집 중심 3일,연동·용두암·함덕 위주 맛집 탐방 여행,h005580
1444,제주시 서부 위주 4일 루트,한림 펜션 숙박과 식당·카페 중심 일정,h005583
1445,제주 동서부 먹거리 3일,제주시·서귀포시 맛집과 펜션 중심 식도락 여행,h005586
1446,동북부 맛집·카페 3일 루트,함덕·구좌·성산 중심의 맛집·카페 위주 일정,h005589
1447,제주시 애월·협재 맛집투어 3일,오마카세·국수·치킨과 미디어아트 전시 여행,h005590
1448,제주시·동부 맛집투어 1일,제주시·구좌·남원 일대 분식·뷔페·치킨·디저트 맛집 중심,h005596
1449,서귀포·제주시 맛집투어 2일,서귀포 중심 식당·술집 위주의 미식 여행,h005605
1450,동·서부 맛집·카페 루트 3일,"제주시·서귀포시 식당, 카페, 회센터 중심 여행",h005624
1451,제주시·서귀포 맛집위주 4일,햄버거·분식·국수·해산물·흑돼지 중심 맛집투어,h005629
1452,제주시 서부 맛집·바다 루트 3일,"애월·한림 맛집과 해안도로, 소극장 관람 일정",h005641
1453,제주시 중심 3일 가족 여행 루트,맛집·카페·키즈카페와 애월 숙소 중심 일정,h005644
1454,제주시·서귀포 시내 미식 투어 3일,"로컬 맛집, 치킨·분식·디저트 위주의 먹방 여행",h005655
1455,동부 구좌 맛집 투어 2일,종달리 카페·식당 위주의 소규모 미식 여행,h005661
1456,제주시·서귀포 맛집투어 4일,해장국·한식·수산시장·디저트 위주 미식 여행,h005680
1457,서부 먹방·카페투어 루트 3일,협재·애월 카페와 맛집 위주의 서부 여행,h005686
1458,서귀포 동부 루트 3일,성산·남원·서귀동 위주 맛집·해변·전시 위주의 여행,h005700
1459,중문·우도·애월 맛집투어 3일,우도·성산·애월·노형 중심의 식당 위주 여행,h005713
1460,제주시·중문 카페·맛집 2일,카페·박물관 관람과 중문 맛집 위주 일정,h005721
1461,제주 서부·동부 맛집·액티비티 3일,"애월 액티비티, 서귀포 맛집·온천, 동부 카페·해변 중심 코스",h005746
1462,1박2일 서귀포·제주시 맛집·리조트 루트,제주신화월드 리조트·워터파크와 제주시 고기·분식 맛집 위주 여행,h005763
1463,제주시 도심·서부 먹킷리스트 3일,"제주시 맛집·카페 위주, 한림·협재‧함덕 경유 루트",h005771
1464,제주시 맛집·카페 루트 3일,"횟집·김밥·스시와 해수욕장, 카페 방문 위주",h005798
1465,서부 애월·한림 3일 먹방 루트,"애월·한림 카페와 맛집, 미술관 들르는 여유 여행",h005809
1466,제주 동서 먹거리 탐방 3일,제주시·서귀포시 맛집과 야시장 중심 여행,h005831
1467,제주시 맛집·식당 위주 3일,제주시 내 식당·분식·패스트푸드 중심 먹방 여행,h005841
1468,제주시 맛집·카페 3일 루트,"전복·해장국 등 식당 위주, 카페·게스트하우스 포함한 제주시 중심 여행",h005842
1469,제주시 동부·서부 맛집 중심 4일,"제주 시내·구좌 맛집과 올레길, 카페·성당 감성 여행",h005843
1470,제주시 맛집투어 3일,제주시 일대 한식·해장국·생선요리 먹방 여행,h005844
1471,제주 서부·동부 맛집·관광 4일,"한림·안덕·성산 중심 맛집과 박물관, 카페·거리 산책 여행",h005851
1472,서부 해장국·카페·맛집 루트 3일,해장국·빵집·카페·포차·분식 등 서부 맛집 위주 여행,h005857
1473,제주 동·서귀포 1일 힐링코스,먹거리·자연경관·숲·온천까지 즐기는 힐링 여행,h005858
1474,제주시·서귀포 맛집 중심 3일,제주시와 서귀포 일대 식당·카페 위주 미식 여행,h005865
1475,제주시·동부 맛집 중심 2일,"애월·조천·성산 식당과 카페, 찜·떡 간식 루트",h005867
1476,제주 동·서·우도 4일 먹방 여행,해장국·고기·횟집과 카페 투어 중심 일정,h005884
1477,서귀포·애월 맛집 중심 3일,제주시·서귀포 호텔과 식당 위주 미식 여행,h005888
1478,제주 동·서부 맛집·관광 3일,제주시·성산 일대 식당 중심 소규모 관광,h005889
1479,제주시 서부 미식투어 2일,국밥·매운닭·고기국수·짬뽕 등 식도락 중심 루트,h005912
1480,서귀포·동부 맛집투어 4일,"호텔·펜션 숙박 중심의 남부·동부 맛집, 카페, 테마파크 여행",h005917
1481,동부·서부 맛집 위주 2일,성산·서귀포·애월·한림 식당·펜션 중심 일정,h005922
1482,서귀포 위주 맛집 탐방 3일,협재·중문·서귀포 식당과 카페 중심 여행,h005951
1483,중북부·서귀포 맛집 중심 3일,서귀포·애월·제주시 일대 맛집·호텔·스파 동선,h005955
1484,서부·중문·동부 카페맛집 루트 4일,"제주시·서귀포시 전역 맛집과 카페, 리조트 숙박 여행",h005958
1485,제주시·서귀포 시내 중심 3일,"전망대·전시관과 시내 맛집, 호텔 뷔페 위주 루트",h005961
1486,제주 도심 액티비티·맛집 1일,놀이공원·맛집 중심의 도심 체험 여행,h006024
1487,제주시·동부 위주 2일 루트,제주시 맛집과 우도·성산 카페·식당 중심 여행,h006071
1488,제주 동부·한라산 2일여행,"우도 해안·해변과 건입동 상점가, 흑돼지·회 맛집 중심",h006083
1489,서귀포 원도심 식도락·산책 1일,"서귀포 원도심 맛집과 미술관, 올레길·해변 산책 루트",h006094
1490,동부 전원 감성 카페 루트 1일,표선 감성 카페·관광농원 방문 코스,h006101
1491,제주시·서귀포 맛집투어 2일,회·치킨·분식 등 식당 위주의 먹방 여행,h006102
1492,동부 숙소·맛집 중심 2일,조천·구좌 숙소 위주에 우도·성산 맛집 포함,h006150
1493,중문·색달 서귀포 루트 2일,"중문 관광·전망 명소와 베이커리, 해산물 맛집 여행",h006152
1494,제주시 동부 맛집·카페 루트 1일,용담·조천·구좌 일대 식당·카페·바다 감성 여행,h006175
1495,제주시·서귀포 맛집투어 2일,혼술바·해산물·고기·국수로 즐기는 미식 여행,h006192
1496,제주 먹거리·거리산책 루트 1일,제주시·서귀포 맛집과 이중섭거리 산책 코스,h006198
1497,제주 중서부 미식 루트 1일,제주신화월드 중심의 디저트·뷔페 맛집 탐방,h006207
1498,제주시 해안·맛집 투어 2일,협재·월정·함덕 해변 중심 식당·카페·드라이브,h006215
1499,동부 우도 펜션 휴식 1일,우도 펜션에서 머무는 휴식형 여행,h006222
1500,서귀포 온천·맛집·영화 루트 1일,"산방산 온천, 서귀포 맛집·제주시 영화관 일정",h006225
1501,제주시 애월·이호 맛집 중심 2일,갈치요리·해산물·해변 감성 카페와 공항 근처 식도락,h006234
1502,제주시 도보산책 루트 1일,동문시장·유배길·카페·전망대 중심 시내 산책,h006286
1503,제주시 서부·항구 맛집 루트 1일,애월·곽지 맛집과 건입동 회·상점가 중심 여행,h006303
1504,제주시 맛집·디저트 투어 2일,"함덕·구좌·애월 음식과 일도동 간식, 디저트 코스",h006304
1505,제주시 동부 1박2일 맛집·해안 루트,월정·함덕 해안 드라이브와 맛집·카페 중심 여행,h006313
1506,제주시 맛집투어 루트 1일,제주시 중심 국수·고기·분식 위주의 맛집 여행,h006321
1507,중문 1일 맛집 탐방 루트,해심가든·요리바카 방문하는 중문 식도락,h006332
1508,제주시 동부 맛집·바다 루트 2일,"세화·평대 맛집과 카페, 해변 산책 중심 일정",h006338
1509,서귀포 미식투어 1일,두도레스토랑 방문 중심의 식도락 여행,h006362
1510,동부 맛집·카페 중심 2일,제주시·구좌·성산 일대 식도락 및 해변·카페 여행,h006364
1511,제주시 서부·중문 2일 루트,"식당·카페와 오설록, 영화·수산시장 즐기는 코스",h006367
1512,제주 동·서귀포 먹거리·펜션 2일,제주시 맛집과 서귀포 펜션·마을 산책 중심 여행,h006375
1513,서부 한경 바닷가 감성 1일,한경 바다 인근 펜션·감성 주점 방문,h006395
1514,제주시 시내 맛집투어 2일,국수·막창·돈까스와 술집 위주의 식도락 여행,h006398
1515,서귀 서부 맛집·공연 루트 1일,"안덕면 식당과 아트서커스, 한림 국수 위주의 코스",h006402
1516,우도·성산 2일 바다·맛집 루트,"우도 해변·올레길 산책과 펜션 휴식, 종달·성산 고기·치킨 맛집",h006403
1517,제주시 맛집 위주 2일,제주시 내 국수·김밥·흑돼지 등 식도락 루트,h006410
1518,제주시 도심 맛집·관광 2일,공항 인근 중심으로 회·고기 맛집과 박물관·전시 관람,h006416
1519,서부 남부 맛집투어 1일,서귀포·한경·안덕 지역 중심 식당 맛집 여행,h006418
1520,"제주 동선 1일, 식도락 중심 루트",제주시·성산 위주 맛집과 카페 방문 일일 코스,h006431
1521,제주시 맛집 탐방 1일,노형동 모던돔베 중심의 돔베고기 맛집 여행,h006433
1522,제주시 도심 맛집·카페 1일,일도·이도동 중심 횟집·식당 위주 도심 여행,h006434
1523,서귀포·제주시 맛집·카페 1일,오설록·연동 카페와 서귀포 맛집 위주 일정,h006435
1524,성산읍 맛집·전시 루트 1일,성산 일대 식당과 미술관을 도는 코스,h006436
1525,동부·제주시 맛집 루트 1일,표선 해변 인증 후 제주시 삼계탕 맛집 방문,h006438
1526,서귀포 사계리 감성 카페 1일,사계의시간 카페에서 즐기는 여유로운 카페투어,h006439
1527,제주시·서귀포 실내 놀이·식당 1일,아이 테마파크와 식당·문화공간 방문 일정,h006440
1528,제주 중남부 1일 바다·체험 여행,"애월·안덕 일대 식당·카페·펜션, 체험 위주 동선",h006443
1529,제주시·서귀포 맛집 위주 1일,한식·해산물·해장국·마라탕·치킨 먹방 코스,h006450
1530,제주도 여행 루트 (일정 미정),여행 지역·테마 정보 없음,h006453
1531,제주시청 인근 식도락 1일,제주시청 인근 한식·패스트푸드 식사 코스,h006455
1532,서부 맛집탐방 루트 1일,안덕·대정·한경 일대 한식·중식 맛집 위주 여행,h006457
1533,제주 서부 카페·해변 루트 1일,애월·협재 카페와 해수욕장 중심 일정,h006458
1534,서귀포 사계리 국수 맛집 1일,사계리 국수 전문 식당 중심의 식도락,h006459
1535,제주 동서부 맛집 탐방 1일,성산·제주시 해산물·아구찜 중심 식도락,h006460
1536,제주시·서귀포 먹방 루트 1일,제주시·서귀포 한식·치킨 중심 식도락 코스,h006462
1537,서귀포 시내 카페·미술·맛집 1일,서귀포 시내 카페·미술관·국수 맛집 코스,h006464
1538,제주시 도심 먹거리 투어 1일,"만두·빵, 쇼핑 즐기는 제주시 도심 코스",h006465
1539,서귀포·제주시 미식투어 1일,서귀포 술집·호텔과 제주시 맛집 중심 먹거리 여행,h006467
1540,중문 색달동 맛집·체험 1일,왁스뮤지엄 관람과 해장국·돈가스 맛집 코스,h006468
1541,제주시 맛집 카페투어 1일,한림·애월 냉면과 디저트 카페 중심 코스,h006469
1542,서귀포·한림 맛집투어 1일,서귀포·한림 분식·디저트·돈까스·흑돼지 맛집 중심,h006470
1543,제주시·서귀포 동부 1일 소도시 투어,교래리·토평동 일대 돌문화·맛집 중심 여행,h006472
1544,제주시 원도심 상점·식당 루트 1일,용담 상점가와 식당 둘러보는 도심 여행,h006473
1545,동부 식당·플라워농장 1일,표선 칼국수 맛집과 꽃 농장 방문 코스,h006476
1546,서귀포 동홍·법환 맛집 루트 1일,피자·한식 맛집 위주의 서귀포 식도락,h006477
1547,제주시 도심 카페·맥주 투어 1일,탑동·이도동 일대 카페와 펍 중심 도심 여행,h006478
1548,애월·한담 감성 카페 투어 1일,애월·한담 카페와 바다 풍경 즐기는 일정,h006480
1549,제주 동서부 맛집·전망 1일,서귀포·제주시 식당과 전망대 중심 코스,h006491
1550,성산읍 맛집 탐방 1일,성산 일대 식당 중심의 식도락 여행,h006493
1551,서귀포 중문 맛집·전망 루트 1일,서귀포 중문 돈가스 맛집과 전망 명소 방문,h006494
1552,동부 맛집·카페 1일 루트,제주시·표선·성산 맛집과 카페 위주의 맛투어,h006495
1553,성산 베이커리 카페투어 1일,성산 읍내 베이커리 카페 위주 여행,h006496
1554,서귀포시 맛집 탐방 1일,서귀포 대도식당 중심의 현지 맛집 여행,h006498
1555,성산 1일 해양체험 루트,성산 해양 아쿠아리움 중심 일정,h006499
1556,제주시 애월 숙박·식당 루트 1일,애월읍 식당과 숙소 중심의 당일 여행,h006500
1557,제주시·서귀포 맛집투어 1일,제주시·서귀포 음식점·쇼핑 중심의 당일 코스,h006502
1558,서귀포 동부 1일 미식·숙소 루트,서귀포 맛집과 남원·성산 숙소 중심 일정,h006503
1559,제주시 맛집 탐방 1일,조천읍 교래리 손칼국수 맛집 방문 코스,h006504
1560,제주 동부 식당·카페 1일,제주시 식당과 표선 카페·고기맛집 방문,h006506
1561,성산 읍내 맛집 탐방 1일,성산읍 면 요리 맛집 위주의 식도락 여행,h006517
1562,제주시 동부 맛집 위주 1일,연동·도련 일대 식당·맛집 탐방,h006519
1563,서귀포·제주시 남서부 당일치기,"산방산 온천과 서귀포 맛집, 제주시 카페 코스",h006527
1564,동부·제주시 맛집 투어 1일,성산·제주시 중심의 현지 식당 위주 미식 코스,h006528
1565,서귀포·제주시 맛집 탐방 1일,서귀동·중문 위주 현지 식당 맛집 코스,h006529
1566,제주 서부 맛집·카페 1일,한경·안덕·대정 위주의 식당·카페 투어,h006530
1567,제주시·서귀포시 카페맛집 1일,노형동 카페·식당과 사계리 맛집 방문 루트,h006532
1568,동부·서귀포 맛집투어 1일,조천·구좌·남원·법환동 식당·치킨 위주 미식 루트,h006533
1569,제주시 서부 1일 맛집·간식 루트,한림·한경 수산 맛집과 카페·빵집 위주,h006534
1570,제주 남부·동부 맛집 중심 1일,서귀포·제주 시내 식당 위주의 미식 여행,h006535
1571,제주시·서귀포 식도락 루트 1일,제주시·안덕 중심 분식·치킨·초밥·갈비 맛집 방문,h006536
1572,서부 액티비티·맛집 루트 1일,"애월·협재 카페와 중문 음식점, 액티비티 중심",h006539
1573,제주시 서부 식당·전시 루트 1일,한림·애월 식당과 전시·체험 중심 일정,h006540
1574,제주 맛집탐방 루트 1일,한경·한림·노형·안덕 맛집 중심 먹방 여행,h006542
1575,동부 성산 맛집투어 1일,성산 일대 펜션 숙박과 해산물 식당 탐방,h006543
1576,서귀포·제주시 식도락 루트 1일,중문 패스트푸드와 제주시 한식 위주의 맛집 탐방,h006545
1577,제주시·서귀포 시내 맛집투어 1일,제주시·서귀포 한식 식당·카페·패스트푸드 방문,h006549
1578,제주 시내 맛집투어 1일,제주시 연동 중심 식당·거리 위주 미식 여행,h006551
1579,성산읍 맛집 탐방 1일,서귀포시 성산읍 맛집 위주의 미식 여행,h006556
1580,제주시·서귀포 음식투어 1일,닭요리·장어요리 맛집 중심의 식도락 여행,h006558
1581,서귀포·제주시 남서부 맛집 카페 1일,"안덕·대정 맛집과 카페, 시내 돈까스 위주 일정",h006562
1582,서귀포 맛집 탐방 루트 1일,법환동·강정동 한식·중식 위주의 식도락,h006565
1583,서귀포 서부 명소 루트 1일,구락 방문과 송악산 인증 즐기는 서귀포 여행,h006567
1584,제주시 시청 인근 맛집 탐방 1일,제주시청 일대 한식·패스트푸드·분식 위주 식도락,h006568
1585,제주시 도심 맛집·전시 1일,애월·노형 중심 식당·치킨 등 먹거리 위주,h006569
1586,서귀포·애월 감성 1일 코스,논짓물해변과 서귀포·애월 식당·펜션 여행,h006572
1587,서귀포·제주시 2일 알뜰 여행,카페·미술관·맛집·공원 골고루 즐기는 코스,h006573
1588,제주 동·북부 식도락 루트 1일,표선·제주시 맛집 위주의 제주 먹방 여행,h006574
1589,서귀포 동부 바다·시장 루트 1일,"중문·표선 해변과 어시장, 식당 방문 일정",h006575
1590,서귀포 1일 맛집 탐방 루트,서홍·보목 중식 및 현지 맛집 위주 일정,h006576
1591,제주 시내·중문 맛집투어 1일,제주시·서귀포 맛집 중심의 식도락 코스,h006578
1592,서귀포·애월 맛집·카페 1일,"서귀포 자연휴양림과 맛집, 애월 카페 코스",h006581
1593,제주시 원도심 맛집·쇼핑 1일,동문·칠성로 중심의 식당·카페·쇼핑 루트,h006585
1594,제주시·서귀포 시내 맛집 중심 2일,"제주시·서귀포 시내 맛집과 카페, 박물관·영화관 코스",h006587
1595,서귀포·제주 서부 맛집 투어 1일,남원·색달·한림 일대 식당·빵집 위주의 먹거리 여행,h006589
1596,서귀포 안덕 아이와 즐기는 1일,신화월드 테마파크·맛집 중심 가족여행,h006592
1597,제주 예술·캐릭터 테마 1일,헬로키티 테마파크와 예술 전시 공간 위주 일정,h006594
1598,동부 성산 일대 식도락 1일,"성산 수산리, 성산리 식당 중심의 맛집 탐방",h006595
1599,제주도 일정 미정 루트,지역 정보 미입력으로 자유 일정 여행,h006596
1600,제주시·서귀포 문화·체험 1일,"제주 박물관·놀이체험과 카페, 중식당 방문",h006597
1601,서귀포·제주시 온천·맛집 1일,산방산 온천과 서귀포·제주시 카페·식당 방문,h006604
1602,중문·도심 온천·미식 1일,서귀포 카페·온천과 제주시 스시·쇼핑 코스,h006607
1603,제주 동·서 시내 맛집 탐방 1일,제주시·서귀포 식당·카페 중심 미식 코스,h006608
1604,서귀포 서부 베이커리 투어 1일,대정읍 베이커리 카페 즐기는 코스,h006609
1605,서귀포 1일 미식 루트,서귀포 일대 호텔 조식과 분식·한식 맛집 위주,h006612
1606,제주시 1일 미식·쇼핑 루트,칠성로 쇼핑과 연동·노형 맛집 중심 일정,h006613
1607,서귀포 목장카페 힐링 1일,표선 목장카페에서 여유로운 카페 휴식,h006617
1608,서귀·애월 남서부 명소 맛집 1일,카멜리아힐·송악산 등 서귀·애월 명소와 식당 방문,h006618
1609,제주 동부·서귀포 식도락 1일,월정 카페거리·한식당·해산물 맛집 중심,h006620
1610,제주시·성산 당일 미식 루트 1일,제주 향토 음식·감자탕 즐기는 맛집 탐방,h006621
1611,동부 표선 감성 카페투어 1일,표선 감성 카페·디저트 즐기는 동부 소도시 여행,h006624
1612,서귀포 안덕 맛집·온천 1일,안덕면 맛집 방문과 탄산온천 힐링 루트,h006626
1613,서귀포 맛집투어 2일,"서귀포 시내 중심의 식도락, 현지 음식 위주",h006629
1614,동·서귀포 맛집·카페 루트 1일,서귀포 현지 음식·뮤지엄과 제주시 패스트푸드·베이글,h006630
1615,제주시·서귀포 미식투어 1일,흑돼지·빵집·국수 등 맛집 위주 여행,h006631
1616,중부·서귀포 맛집·디저트 1일,애월 식당·횟집과 서귀포 카페 들르는 코스,h006632
1617,1일차 서부 한림 냉면·해안 산책,한림 냉면 맛집 방문과 해안도로 드라이브,h006635
1618,서귀포·제주시 먹거리 위주 1일,서귀포·제주시 식당과 야간 산책 코스,h006636
1619,서귀포 보목동 감성 스폿 1일,보목동 카페·식당·전망 명소 위주의 코스,h006637
1620,제주시 도심 맛집 투어 1일,제주시 도심 식당·술집·카페 위주의 미식 여행,h006638
1621,중문·서귀포 2일 소도시 맛집여행,중문 펜션·호텔 숙박과 국수·해산물·찐빵 맛집 중심,h006639
1622,제주시 동부·도심 식당 루트 1일,해산물 식당과 한정식 맛집 중심의 여행,h006641
1623,제주 동선 1일 루트,서귀포 맛집과 제주시 분식 맛집 탐방,h006643
1624,제주시 동부 맛집 탐방 1일,구좌읍 세화리 위주 한식·해산물 맛집 코스,h006645
1625,동부 성산 식도락 루트 1일,성산 해산물·한식 맛집 위주의 여행,h006646
1626,당일 북서부 맛집 루트 1일,제주시·서귀포시 지역 식당 중심 먹거리 여행,h006651
1627,서귀포 동부·도심 1일 코스,우동 맛집·로스터리 카페·자연·야간올레 산책,h006653
1628,서귀포·애월 남서부 맛집투어 1일,사계리 전복·해물·고기 맛집과 애월 놀이시설 방문,h006654
1629,서귀포 서쪽 여유 1일 코스,사계리 카페·펜션과 상모리 식당 방문 여행,h006658
1630,제주시·표선 먹거리·문화 1일,제주시 카페·문화공간과 표선 치킨 맛집 방문,h006660
1631,제주시 도심·테마파크 루트 1일,에코랜드 관광과 노형 감성슈퍼 방문 일정,h006663
1632,서부 맛집·섬뷰 루트 1일,서귀포 서부 맛집과 가파도 전망 중심 일정,h006665
1633,서귀포 1일 미식·카페·문화 루트,"전복 맛집과 카페, 영화관 즐기는 서귀포 하루",h006668
1634,제주 동·서부 맛집·카페 1일,제주시·안덕면 위주 식당과 카페 방문 루트,h006669
1635,제주시·성산 카페맛집 루트 1일,함덕·성산·구좌 음식점·카페 중심 당일치기,h006670
1636,제주 동·서 음식투어 1일,서귀포·제주시 지역 식당 위주의 맛집 여행,h006671
1637,제주시·서귀포 맛집 카페탐방 1일,제주시 카페·디저트와 서귀포 식당 중심 먹거리 여행,h006676
1638,도심 맛집·카페 루트 1일,"서귀포·제주시 중심 식당과 카페, 휴식 명소 방문",h006677
1639,동·북부 맛집·카페 1일,성산·표선 카페·식당 후 제주시 맛집 방문,h006678
1640,서귀포·제주시 식도락 루트 1일,서귀포 위주 맛집·카페 방문 중심의 당일 여행,h006679
1641,중문·서귀 서부 맛집투어 1일,함덕-중문·강정 맛집·분식 위주 당일 코스,h006680
1642,서귀포·구좌 힐링 먹거리 1일,헬로키티 박물관과 맛집·간식 위주 코스,h006681
1643,제주시 노형동 맛집투어 1일,노형동 고기·카페·브런치 맛집 중심 코스,h006682
1644,제주시 맛집탐방 루트 1일,제주시 김밥 맛집 위주의 식도락 여행,h006684
1645,동부 숙소 위주 1일,성산 일대 게스트하우스·민박 숙소 이동,h006685
1646,동부 흑돼지 맛집 1일,성산 고성리 흑돼지 식도락 여행,h006689
1647,제주시 맛집투어 1일,달떡볶이·회센터·디저트 카페 중심,h006691
1648,제주시 맛집투어 루트 1일,애월 카페와 제주시 이자카야 중심 여행,h006693
1649,동부·중문 맛집 카페투어 1일,구좌 맛집·카페와 중문 카페 중심 코스,h006694
1650,서귀포 남원 일대 당일 미식투어 1일,남원 위미리 카페·리조트 식당·레스토랑 중심,h006695
1651,제주시 한경면 1일 숙소 여행,저지리 꽃신민박에서 쉬어가는 숙소 위주 일정,h006697
1652,제주시·중문 맛집 중심 1일,"한경면, 중문동 횟집·식당 위주의 미식 여행",h006700
1653,서귀포 서부 카페·식당·전시 1일,서귀포 서부 카페·식당과 역사전시 감상,h006703
1654,제주시 맛집·바다 감성 1일,"제주시 중심 식당·카페와 해변, 서귀포 맛집 방문",h006705
1655,제주 동·서 맛집 방문 루트 1일,성산·노형 식당 위주의 맛집 탐방,h006706
1656,서귀포 서부 문화·맛집 2일,대정읍 식당·카페와 역사관 중심 여행,h006709
1657,서귀포·제주 시내 맛집 카페 1일,서귀동 맛집·카페와 제주시 식당 위주 루트,h006710
1658,제주 동서 먹방 루트 1일,서귀포 휴양림 들른 뒤 제주시 고기·탕·참치·갈비 맛집 투어,h006720
1659,서귀포 맛집 탐방 루트 1일,서홍동·서귀동·서호동 한식 위주 식도락,h006722
1660,서귀포 시내 여행 1일,서귀포 오름·식당·거리 산책 위주 코스,h006731
1661,제주 동서부 먹거리 탐방 1일,서귀포·제주시 식당·카페 위주의 당일 미식 코스,h006733
1662,제주시 도심 맛집투어 1일,제주시 일대 한식·일식 위주의 식도락 코스,h006737
1663,동부·중문 맛집 중심 1일,함덕·종달 드라이브와 중문 식도락 코스,h006744
1664,동부 수망다원 힐링 1일,서귀포 남원 수망다원 차와 풍경 감상,h006746
1665,서귀포 맛집 탐방 1일,법환동·중문동 식당 위주의 식도락 여행,h006747
1666,제주 동서부 맛집투어 2일,서귀포·제주시 위주의 한식·샤브샤브 맛집 방문,h006748
1667,1일차 서귀포·조천 카페·베이커리,서귀포 카페·베이커리 후 조천 카페 방문 루트,h006749
1668,서귀포 동홍·하효 맛집 투어 1일,동홍·하효동 식당·고기 위주의 서귀포 미식루트,h006750
1669,제주시 맛집 탐방 1일,도심 아귀찜·고기·생선 위주 식도락 여행,h006753
1670,서귀포 안덕 사계리 맛집·관광 1일,고기국수 맛집과 지질트레일 즐기는 일정,h006755
1671,서귀·제주 서부 맛집·카페 1일,오설록·중문·한림 중심의 식도락·카페 투어,h006766
1672,제주시 도심 미식투어 1일,연동·노형·용담 일대 식당·술집 위주의 도심 먹방,h006870
1673,제주시 애월 맛집 루트 1일,애월 지역 식당·피자 맛집 중심 일정,h006872
1674,제주시 동부 해안 맛집 루트 1일,월정리 해안 산책과 어촌 해산물 식도락,h006874
